-- MySQL dump 10.10
--
-- Host: localhost    Database: distributedmanagement
-- ------------------------------------------------------
-- Server version	5.1.6-alpha-max

/*!40101 SET @OLD_CHARACTER_SET_CLIENT=@@CHARACTER_SET_CLIENT */;
/*!40101 SET @OLD_CHARACTER_SET_RESULTS=@@CHARACTER_SET_RESULTS */;
/*!40101 SET @OLD_COLLATION_CONNECTION=@@COLLATION_CONNECTION */;
/*!40101 SET NAMES utf8 */;
/*!40103 SET @OLD_TIME_ZONE=@@TIME_ZONE */;
/*!40103 SET TIME_ZONE='+00:00' */;
/*!40014 SET @OLD_UNIQUE_CHECKS=@@UNIQUE_CHECKS, UNIQUE_CHECKS=0 */;
/*!40014 SET @OLD_FOREIGN_KEY_CHECKS=@@FOREIGN_KEY_CHECKS, FOREIGN_KEY_CHECKS=0 */;
/*!40101 SET @OLD_SQL_MODE=@@SQL_MODE, SQL_MODE='NO_AUTO_VALUE_ON_ZERO' */;
/*!40111 SET @OLD_SQL_NOTES=@@SQL_NOTES, SQL_NOTES=0 */;

--
-- Table structure for table `command`
--

DROP TABLE IF EXISTS `command`;
CREATE TABLE `command` (
  `CommandID` int(11) unsigned NOT NULL auto_increment,
  `StatusID` int(11) unsigned default NULL,
  `QuestID` int(11) unsigned NOT NULL,
  `NodeID` int(11) unsigned default NULL,
  `Command` text collate utf8_bin,
  `SendTime` datetime default NULL,
  PRIMARY KEY  (`CommandID`),
  UNIQUE KEY `CommandID` (`CommandID`),
  KEY `NodeID` (`NodeID`),
  KEY `QuestID` (`QuestID`),
  KEY `StatusID` (`StatusID`),
  CONSTRAINT `command_fk` FOREIGN KEY (`NodeID`) REFERENCES `node` (`NodeID`) ON DELETE CASCADE ON UPDATE CASCADE,
  CONSTRAINT `command_fk1` FOREIGN KEY (`QuestID`) REFERENCES `quest` (`QuestID`) ON DELETE CASCADE ON UPDATE CASCADE,
  CONSTRAINT `command_fk2` FOREIGN KEY (`StatusID`) REFERENCES `status` (`StatusID`) ON DELETE SET NULL ON UPDATE CASCADE
) ENGINE=InnoDB DEFAULT CHARSET=utf8 COLLATE=utf8_bin;

--
-- Dumping data for table `command`
--


/*!40000 ALTER TABLE `command` DISABLE KEYS */;
LOCK TABLES `command` WRITE;
INSERT INTO `command` VALUES (121,72,25,4,NULL,NULL),(122,72,25,4,NULL,NULL),(123,72,25,4,NULL,NULL),(124,72,25,4,NULL,NULL),(125,72,25,4,NULL,NULL),(126,72,26,2,NULL,NULL),(127,72,26,2,NULL,NULL),(128,72,26,2,NULL,NULL),(129,72,26,2,NULL,NULL),(130,72,26,2,NULL,NULL),(131,72,27,4,NULL,NULL),(132,72,27,4,NULL,NULL),(133,72,27,4,NULL,NULL),(134,72,27,4,NULL,NULL),(135,72,27,4,NULL,NULL),(136,72,28,2,NULL,NULL),(137,72,28,2,NULL,NULL),(138,72,28,2,NULL,NULL),(139,72,28,2,NULL,NULL),(140,72,28,2,NULL,NULL),(141,72,29,4,NULL,NULL),(142,72,29,4,NULL,NULL),(143,72,29,2,NULL,NULL),(144,72,29,4,NULL,NULL),(145,72,29,4,NULL,NULL),(146,72,30,4,NULL,NULL),(147,72,30,4,NULL,NULL),(148,72,30,4,NULL,NULL),(149,72,30,4,NULL,NULL),(150,72,30,4,NULL,NULL),(151,72,31,2,NULL,NULL),(152,72,31,2,NULL,NULL),(153,72,31,2,NULL,NULL),(154,72,31,2,NULL,NULL),(155,72,31,2,NULL,NULL),(156,72,32,2,NULL,NULL),(157,72,32,2,NULL,NULL),(158,72,32,2,NULL,NULL),(159,72,32,2,NULL,NULL),(160,72,32,2,NULL,NULL),(161,72,33,2,NULL,NULL),(162,72,33,2,NULL,NULL),(163,72,33,2,NULL,NULL),(164,72,33,2,NULL,NULL),(165,72,33,2,NULL,NULL),(166,72,34,4,NULL,NULL),(167,72,34,4,NULL,NULL),(168,72,34,4,NULL,NULL),(169,72,34,4,NULL,NULL),(170,72,34,4,NULL,NULL);
UNLOCK TABLES;
/*!40000 ALTER TABLE `command` ENABLE KEYS */;

--
-- Table structure for table `commandarg`
--

DROP TABLE IF EXISTS `commandarg`;
CREATE TABLE `commandarg` (
  `CommandArgID` int(11) unsigned NOT NULL auto_increment,
  `CommandID` int(11) unsigned NOT NULL,
  `CommandModelArgID` int(11) unsigned NOT NULL,
  `Value` text collate utf8_bin NOT NULL,
  PRIMARY KEY  (`CommandArgID`),
  UNIQUE KEY `CommandArgID` (`CommandArgID`),
  KEY `CommandID` (`CommandID`),
  KEY `CommandModelArgID` (`CommandModelArgID`),
  CONSTRAINT `commandarg_fk` FOREIGN KEY (`CommandID`) REFERENCES `command` (`CommandID`) ON DELETE CASCADE ON UPDATE CASCADE,
  CONSTRAINT `commandarg_fk1` FOREIGN KEY (`CommandModelArgID`) REFERENCES `commandmodelarg` (`CommandModelArgID`) ON DELETE CASCADE ON UPDATE CASCADE
) ENGINE=InnoDB DEFAULT CHARSET=utf8 COLLATE=utf8_bin;

--
-- Dumping data for table `commandarg`
--


/*!40000 ALTER TABLE `commandarg` DISABLE KEYS */;
LOCK TABLES `commandarg` WRITE;
INSERT INTO `commandarg` VALUES (231,121,2,'1'),(232,121,3,'2'),(233,122,2,'3'),(234,122,3,'4'),(235,123,2,'5'),(236,123,3,'6'),(237,124,2,'7'),(238,124,3,'8'),(239,125,2,'9'),(240,125,3,'10'),(241,126,2,'1'),(242,126,3,'2'),(243,127,2,'3'),(244,127,3,'4'),(245,128,2,'5'),(246,128,3,'6'),(247,129,2,'7'),(248,129,3,'8'),(249,130,2,'9'),(250,130,3,'10'),(251,131,2,'1'),(252,131,3,'2'),(253,132,2,'3'),(254,132,3,'4'),(255,133,2,'5'),(256,133,3,'6'),(257,134,2,'7'),(258,134,3,'8'),(259,135,2,'9'),(260,135,3,'10'),(261,136,2,'1'),(262,136,3,'2'),(263,137,2,'3'),(264,137,3,'4'),(265,138,2,'5'),(266,138,3,'6'),(267,139,2,'7'),(268,139,3,'8'),(269,140,2,'9'),(270,140,3,'10'),(271,141,2,'1'),(272,141,3,'2'),(273,142,2,'3'),(274,142,3,'4'),(275,143,2,'5'),(276,143,3,'6'),(277,144,2,'7'),(278,144,3,'8'),(279,145,2,'9'),(280,145,3,'10'),(281,146,2,'1'),(282,146,3,'2'),(283,147,2,'3'),(284,147,3,'4'),(285,148,2,'5'),(286,148,3,'6'),(287,149,2,'7'),(288,149,3,'8'),(289,150,2,'9'),(290,150,3,'10'),(291,151,2,'1'),(292,151,3,'2'),(293,152,2,'3'),(294,152,3,'4'),(295,153,2,'5'),(296,153,3,'6'),(297,154,2,'7'),(298,154,3,'8'),(299,155,2,'9'),(300,155,3,'10'),(301,156,2,'1'),(302,156,3,'2'),(303,157,2,'3'),(304,157,3,'4'),(305,158,2,'5'),(306,158,3,'6'),(307,159,2,'7'),(308,159,3,'8'),(309,160,2,'9'),(310,160,3,'10'),(311,161,2,'1'),(312,161,3,'2'),(313,162,2,'3'),(314,162,3,'4'),(315,163,2,'5'),(316,163,3,'6'),(317,164,2,'7'),(318,164,3,'8'),(319,165,2,'9'),(320,165,3,'10'),(321,166,2,'1'),(322,166,3,'2'),(323,167,2,'3'),(324,167,3,'4'),(325,168,2,'5'),(326,168,3,'6'),(327,169,2,'7'),(328,169,3,'8'),(329,170,2,'9'),(330,170,3,'10');
UNLOCK TABLES;
/*!40000 ALTER TABLE `commandarg` ENABLE KEYS */;

--
-- Table structure for table `commandmodel`
--

DROP TABLE IF EXISTS `commandmodel`;
CREATE TABLE `commandmodel` (
  `CommandModelID` int(11) unsigned NOT NULL auto_increment,
  `StatusID` int(11) unsigned default NULL,
  `CommandModelName` varchar(50) collate utf8_bin NOT NULL,
  `Description` varchar(50) collate utf8_bin default NULL,
  PRIMARY KEY  (`CommandModelID`),
  UNIQUE KEY `CommandModelID` (`CommandModelID`),
  UNIQUE KEY `CommandModelName` (`CommandModelName`),
  KEY `commandmodel_fk1` (`StatusID`),
  CONSTRAINT `commandmodel_fk1` FOREIGN KEY (`StatusID`) REFERENCES `status` (`StatusID`) ON DELETE SET NULL ON UPDATE CASCADE
) ENGINE=InnoDB DEFAULT CHARSET=utf8 COLLATE=utf8_bin;

--
-- Dumping data for table `commandmodel`
--


/*!40000 ALTER TABLE `commandmodel` DISABLE KEYS */;
LOCK TABLES `commandmodel` WRITE;
INSERT INTO `commandmodel` VALUES (1,NULL,'Maya',NULL);
UNLOCK TABLES;
/*!40000 ALTER TABLE `commandmodel` ENABLE KEYS */;

--
-- Table structure for table `commandmodelarg`
--

DROP TABLE IF EXISTS `commandmodelarg`;
CREATE TABLE `commandmodelarg` (
  `CommandModelArgID` int(11) unsigned NOT NULL auto_increment,
  `StatusID` int(11) unsigned default NULL,
  `CommandModelID` int(11) unsigned NOT NULL,
  `ArgName` varchar(50) collate utf8_bin NOT NULL,
  `ArgInstruction` varchar(50) collate utf8_bin default NULL,
  `Type` tinyint(4) default NULL COMMENT 'file , directory or constant',
  PRIMARY KEY  (`CommandModelArgID`),
  UNIQUE KEY `CommandModelArgID` (`CommandModelArgID`),
  KEY `CommandModelID` (`CommandModelID`),
  KEY `StatusID` (`StatusID`),
  CONSTRAINT `commandmodelarg_fk` FOREIGN KEY (`CommandModelID`) REFERENCES `commandmodel` (`CommandModelID`) ON DELETE CASCADE ON UPDATE CASCADE,
  CONSTRAINT `commandmodelarg_fk1` FOREIGN KEY (`StatusID`) REFERENCES `status` (`StatusID`) ON DELETE SET NULL ON UPDATE CASCADE
) ENGINE=InnoDB DEFAULT CHARSET=utf8 COLLATE=utf8_bin;

--
-- Dumping data for table `commandmodelarg`
--


/*!40000 ALTER TABLE `commandmodelarg` DISABLE KEYS */;
LOCK TABLES `commandmodelarg` WRITE;
INSERT INTO `commandmodelarg` VALUES (2,61,1,'-s','StartFrame',0),(3,62,1,'-e','EndFrame',0),(4,63,1,'-b','ByFrame',0),(5,60,1,'-r','Type',0),(6,60,1,'-proj','ProjectLocation',2),(7,64,1,'','File',1);
UNLOCK TABLES;
/*!40000 ALTER TABLE `commandmodelarg` ENABLE KEYS */;

--
-- Table structure for table `executelog`
--

DROP TABLE IF EXISTS `executelog`;
CREATE TABLE `executelog` (
  `ExecuteLogID` int(11) unsigned NOT NULL auto_increment,
  `CommandID` int(11) unsigned default NULL,
  `StatusID` int(11) unsigned default NULL,
  `NodeID` int(11) unsigned NOT NULL,
  `Note` text collate utf8_bin,
  `LogTime` datetime NOT NULL,
  PRIMARY KEY  (`ExecuteLogID`),
  UNIQUE KEY `ExecuteLogID` (`ExecuteLogID`),
  KEY `CommandID` (`CommandID`),
  KEY `StatusID` (`StatusID`),
  KEY `NodeID` (`NodeID`),
  CONSTRAINT `executelog_fk` FOREIGN KEY (`CommandID`) REFERENCES `command` (`CommandID`) ON DELETE CASCADE ON UPDATE CASCADE,
  CONSTRAINT `executelog_fk1` FOREIGN KEY (`StatusID`) REFERENCES `status` (`StatusID`) ON DELETE SET NULL ON UPDATE CASCADE,
  CONSTRAINT `executelog_fk2` FOREIGN KEY (`NodeID`) REFERENCES `node` (`NodeID`) ON DELETE CASCADE ON UPDATE CASCADE
) ENGINE=InnoDB DEFAULT CHARSET=utf8 COLLATE=utf8_bin;

--
-- Dumping data for table `executelog`
--


/*!40000 ALTER TABLE `executelog` DISABLE KEYS */;
LOCK TABLES `executelog` WRITE;
INSERT INTO `executelog` VALUES (61,121,90,4,'<?xml version=\"1.0\" encoding=\"UTF-8\"?>\r\n<Cmd cmdModelName=\"Maya\">\r\n<Cmdarg argName=\"-e\" value=\"2\" />\r\n<Cmdarg argName=\"-s\" value=\"1\" />\r\n<Cmdarg argName=\"-b\" value=\"1\" />\r\n<Cmdarg argName=\"-r\" value=\"file\" />\r\n<Endarg argName=\"-f\" value=\"/mnt/rnd/mayaProject/scenes/test.mb\" />\r\n<Cmdarg argName=\"-proj\" value=\"/mnt/rnd/mayaProject\" />\r\n</Cmd>\r\n','2009-06-19 10:48:55'),(62,121,91,4,'Finish','2009-06-19 10:49:06'),(63,122,90,4,'<?xml version=\"1.0\" encoding=\"UTF-8\"?>\r\n<Cmd cmdModelName=\"Maya\">\r\n<Cmdarg argName=\"-s\" value=\"3\" />\r\n<Cmdarg argName=\"-e\" value=\"4\" />\r\n<Cmdarg argName=\"-b\" value=\"1\" />\r\n<Cmdarg argName=\"-r\" value=\"file\" />\r\n<Endarg argName=\"-f\" value=\"/mnt/rnd/mayaProject/scenes/test.mb\" />\r\n<Cmdarg argName=\"-proj\" value=\"/mnt/rnd/mayaProject\" />\r\n</Cmd>\r\n','2009-06-19 10:49:16'),(64,122,91,4,'Finish','2009-06-19 10:49:20'),(65,123,90,4,'<?xml version=\"1.0\" encoding=\"UTF-8\"?>\r\n<Cmd cmdModelName=\"Maya\">\r\n<Cmdarg argName=\"-s\" value=\"5\" />\r\n<Cmdarg argName=\"-e\" value=\"6\" />\r\n<Cmdarg argName=\"-b\" value=\"1\" />\r\n<Cmdarg argName=\"-r\" value=\"file\" />\r\n<Endarg argName=\"-f\" value=\"/mnt/rnd/mayaProject/scenes/test.mb\" />\r\n<Cmdarg argName=\"-proj\" value=\"/mnt/rnd/mayaProject\" />\r\n</Cmd>\r\n','2009-06-19 10:49:26'),(66,123,91,4,'Finish','2009-06-19 10:49:30'),(67,124,90,4,'<?xml version=\"1.0\" encoding=\"UTF-8\"?>\r\n<Cmd cmdModelName=\"Maya\">\r\n<Cmdarg argName=\"-s\" value=\"7\" />\r\n<Cmdarg argName=\"-e\" value=\"8\" />\r\n<Cmdarg argName=\"-b\" value=\"1\" />\r\n<Cmdarg argName=\"-r\" value=\"file\" />\r\n<Endarg argName=\"-f\" value=\"/mnt/rnd/mayaProject/scenes/test.mb\" />\r\n<Cmdarg argName=\"-proj\" value=\"/mnt/rnd/mayaProject\" />\r\n</Cmd>\r\n','2009-06-19 10:49:36'),(70,124,90,4,'<?xml version=\"1.0\" encoding=\"UTF-8\"?>\r\n<Cmd cmdModelName=\"Maya\">\r\n<Cmdarg argName=\"-s\" value=\"7\" />\r\n<Cmdarg argName=\"-e\" value=\"8\" />\r\n<Endarg argName=\"-f\" value=\"/mnt/rnd/mayaProject/scenes/test.mb\" />\r\n<Cmdarg argName=\"-b\" value=\"1\" />\r\n<Cmdarg argName=\"-proj\" value=\"/mnt/rnd/mayaProject\" />\r\n<Cmdarg argName=\"-r\" value=\"file\" />\r\n</Cmd>\r\n','2009-06-19 11:10:36'),(71,126,90,4,'<?xml version=\"1.0\" encoding=\"UTF-8\"?>\r\n<Cmd cmdModelName=\"Maya\">\r\n<Cmdarg argName=\"-s\" value=\"1\" />\r\n<Cmdarg argName=\"-e\" value=\"2\" />\r\n<Endarg argName=\"-f\" value=\"/mnt/rnd/mayaProject/scenes/test.mb\" />\r\n<Cmdarg argName=\"-r\" value=\"file\" />\r\n<Cmdarg argName=\"-proj\" value=\"/mnt/rnd/mayaProject\" />\r\n<Cmdarg argName=\"-b\" value=\"1\" />\r\n</Cmd>\r\n','2009-06-19 11:10:46'),(72,126,91,4,'Finish','2009-06-19 11:10:51'),(73,127,90,4,'<?xml version=\"1.0\" encoding=\"UTF-8\"?>\r\n<Cmd cmdModelName=\"Maya\">\r\n<Cmdarg argName=\"-s\" value=\"3\" />\r\n<Cmdarg argName=\"-e\" value=\"4\" />\r\n<Endarg argName=\"-f\" value=\"/mnt/rnd/mayaProject/scenes/test.mb\" />\r\n<Cmdarg argName=\"-r\" value=\"file\" />\r\n<Cmdarg argName=\"-proj\" value=\"/mnt/rnd/mayaProject\" />\r\n<Cmdarg argName=\"-b\" value=\"1\" />\r\n</Cmd>\r\n','2009-06-19 11:10:56'),(74,128,90,4,'<?xml version=\"1.0\" encoding=\"UTF-8\"?>\r\n<Cmd cmdModelName=\"Maya\">\r\n<Cmdarg argName=\"-s\" value=\"5\" />\r\n<Cmdarg argName=\"-e\" value=\"6\" />\r\n<Endarg argName=\"-f\" value=\"/mnt/rnd/mayaProject/scenes/test.mb\" />\r\n<Cmdarg argName=\"-r\" value=\"file\" />\r\n<Cmdarg argName=\"-proj\" value=\"/mnt/rnd/mayaProject\" />\r\n<Cmdarg argName=\"-b\" value=\"1\" />\r\n</Cmd>\r\n','2009-06-19 11:11:06'),(75,128,91,4,'Finish','2009-06-19 11:11:11'),(76,129,90,4,'<?xml version=\"1.0\" encoding=\"UTF-8\"?>\r\n<Cmd cmdModelName=\"Maya\">\r\n<Cmdarg argName=\"-e\" value=\"8\" />\r\n<Cmdarg argName=\"-s\" value=\"7\" />\r\n<Endarg argName=\"-f\" value=\"/mnt/rnd/mayaProject/scenes/test.mb\" />\r\n<Cmdarg argName=\"-r\" value=\"file\" />\r\n<Cmdarg argName=\"-proj\" value=\"/mnt/rnd/mayaProject\" />\r\n<Cmdarg argName=\"-b\" value=\"1\" />\r\n</Cmd>\r\n','2009-06-19 11:11:16'),(77,129,91,4,'Finish','2009-06-19 11:11:20'),(78,130,90,4,'<?xml version=\"1.0\" encoding=\"UTF-8\"?>\r\n<Cmd cmdModelName=\"Maya\">\r\n<Cmdarg argName=\"-s\" value=\"9\" />\r\n<Cmdarg argName=\"-e\" value=\"10\" />\r\n<Endarg argName=\"-f\" value=\"/mnt/rnd/mayaProject/scenes/test.mb\" />\r\n<Cmdarg argName=\"-r\" value=\"file\" />\r\n<Cmdarg argName=\"-proj\" value=\"/mnt/rnd/mayaProject\" />\r\n<Cmdarg argName=\"-b\" value=\"1\" />\r\n</Cmd>\r\n','2009-06-19 11:11:26'),(79,130,91,4,'Finish','2009-06-19 11:11:31'),(80,131,90,4,'<?xml version=\"1.0\" encoding=\"UTF-8\"?>\r\n<Cmd cmdModelName=\"Maya\">\r\n<Cmdarg argName=\"-s\" value=\"1\" />\r\n<Cmdarg argName=\"-e\" value=\"2\" />\r\n<Cmdarg argName=\"-proj\" value=\"/mnt/rnd/mayaProject\" />\r\n<Cmdarg argName=\"-r\" value=\"file\" />\r\n<Endarg argName=\"-f\" value=\"/mnt/rnd/mayaProject/scenes/test.mb\" />\r\n<Cmdarg argName=\"-b\" value=\"1\" />\r\n</Cmd>\r\n','2009-06-19 11:11:36'),(81,131,91,4,'Finish','2009-06-19 11:11:40'),(82,132,90,4,'<?xml version=\"1.0\" encoding=\"UTF-8\"?>\r\n<Cmd cmdModelName=\"Maya\">\r\n<Cmdarg argName=\"-e\" value=\"4\" />\r\n<Cmdarg argName=\"-s\" value=\"3\" />\r\n<Cmdarg argName=\"-proj\" value=\"/mnt/rnd/mayaProject\" />\r\n<Cmdarg argName=\"-r\" value=\"file\" />\r\n<Endarg argName=\"-f\" value=\"/mnt/rnd/mayaProject/scenes/test.mb\" />\r\n<Cmdarg argName=\"-b\" value=\"1\" />\r\n</Cmd>\r\n','2009-06-19 11:11:46'),(83,132,91,4,'Finish','2009-06-19 11:11:51'),(84,133,90,4,'<?xml version=\"1.0\" encoding=\"UTF-8\"?>\r\n<Cmd cmdModelName=\"Maya\">\r\n<Cmdarg argName=\"-e\" value=\"6\" />\r\n<Cmdarg argName=\"-s\" value=\"5\" />\r\n<Cmdarg argName=\"-proj\" value=\"/mnt/rnd/mayaProject\" />\r\n<Cmdarg argName=\"-r\" value=\"file\" />\r\n<Endarg argName=\"-f\" value=\"/mnt/rnd/mayaProject/scenes/test.mb\" />\r\n<Cmdarg argName=\"-b\" value=\"1\" />\r\n</Cmd>\r\n','2009-06-19 11:11:56'),(85,133,91,4,'Finish','2009-06-19 11:12:01'),(86,134,90,4,'<?xml version=\"1.0\" encoding=\"UTF-8\"?>\r\n<Cmd cmdModelName=\"Maya\">\r\n<Cmdarg argName=\"-s\" value=\"7\" />\r\n<Cmdarg argName=\"-e\" value=\"8\" />\r\n<Cmdarg argName=\"-proj\" value=\"/mnt/rnd/mayaProject\" />\r\n<Cmdarg argName=\"-r\" value=\"file\" />\r\n<Endarg argName=\"-f\" value=\"/mnt/rnd/mayaProject/scenes/test.mb\" />\r\n<Cmdarg argName=\"-b\" value=\"1\" />\r\n</Cmd>\r\n','2009-06-19 11:12:06'),(87,134,91,4,'Finish','2009-06-19 11:12:11'),(88,135,90,4,'<?xml version=\"1.0\" encoding=\"UTF-8\"?>\r\n<Cmd cmdModelName=\"Maya\">\r\n<Cmdarg argName=\"-s\" value=\"9\" />\r\n<Cmdarg argName=\"-e\" value=\"10\" />\r\n<Cmdarg argName=\"-proj\" value=\"/mnt/rnd/mayaProject\" />\r\n<Cmdarg argName=\"-r\" value=\"file\" />\r\n<Endarg argName=\"-f\" value=\"/mnt/rnd/mayaProject/scenes/test.mb\" />\r\n<Cmdarg argName=\"-b\" value=\"1\" />\r\n</Cmd>\r\n','2009-06-19 11:12:16'),(89,135,91,4,'Finish','2009-06-19 11:12:21'),(90,136,90,4,'<?xml version=\"1.0\" encoding=\"UTF-8\"?>\r\n<Cmd cmdModelName=\"Maya\">\r\n<Cmdarg argName=\"-e\" value=\"2\" />\r\n<Cmdarg argName=\"-s\" value=\"1\" />\r\n<Endarg argName=\"-f\" value=\"/mnt/rnd/mayaProject/scenes/test.mb\" />\r\n<Cmdarg argName=\"-b\" value=\"1\" />\r\n<Cmdarg argName=\"-proj\" value=\"/mnt/rnd/mayaProject\" />\r\n<Cmdarg argName=\"-r\" value=\"file\" />\r\n</Cmd>\r\n','2009-06-19 11:12:26'),(91,136,91,4,'Finish','2009-06-19 11:12:31'),(92,137,90,4,'<?xml version=\"1.0\" encoding=\"UTF-8\"?>\r\n<Cmd cmdModelName=\"Maya\">\r\n<Cmdarg argName=\"-s\" value=\"3\" />\r\n<Cmdarg argName=\"-e\" value=\"4\" />\r\n<Endarg argName=\"-f\" value=\"/mnt/rnd/mayaProject/scenes/test.mb\" />\r\n<Cmdarg argName=\"-b\" value=\"1\" />\r\n<Cmdarg argName=\"-proj\" value=\"/mnt/rnd/mayaProject\" />\r\n<Cmdarg argName=\"-r\" value=\"file\" />\r\n</Cmd>\r\n','2009-06-19 11:12:37'),(93,137,91,4,'Finish','2009-06-19 11:12:41'),(94,138,90,4,'<?xml version=\"1.0\" encoding=\"UTF-8\"?>\r\n<Cmd cmdModelName=\"Maya\">\r\n<Cmdarg argName=\"-s\" value=\"5\" />\r\n<Cmdarg argName=\"-e\" value=\"6\" />\r\n<Endarg argName=\"-f\" value=\"/mnt/rnd/mayaProject/scenes/test.mb\" />\r\n<Cmdarg argName=\"-b\" value=\"1\" />\r\n<Cmdarg argName=\"-proj\" value=\"/mnt/rnd/mayaProject\" />\r\n<Cmdarg argName=\"-r\" value=\"file\" />\r\n</Cmd>\r\n','2009-06-19 11:12:47'),(95,138,91,4,'Finish','2009-06-19 11:12:51'),(96,139,90,4,'<?xml version=\"1.0\" encoding=\"UTF-8\"?>\r\n<Cmd cmdModelName=\"Maya\">\r\n<Cmdarg argName=\"-s\" value=\"7\" />\r\n<Cmdarg argName=\"-e\" value=\"8\" />\r\n<Endarg argName=\"-f\" value=\"/mnt/rnd/mayaProject/scenes/test.mb\" />\r\n<Cmdarg argName=\"-b\" value=\"1\" />\r\n<Cmdarg argName=\"-proj\" value=\"/mnt/rnd/mayaProject\" />\r\n<Cmdarg argName=\"-r\" value=\"file\" />\r\n</Cmd>\r\n','2009-06-19 11:12:57'),(97,139,91,4,'Finish','2009-06-19 11:13:01'),(98,140,90,4,'<?xml version=\"1.0\" encoding=\"UTF-8\"?>\r\n<Cmd cmdModelName=\"Maya\">\r\n<Cmdarg argName=\"-s\" value=\"9\" />\r\n<Cmdarg argName=\"-e\" value=\"10\" />\r\n<Endarg argName=\"-f\" value=\"/mnt/rnd/mayaProject/scenes/test.mb\" />\r\n<Cmdarg argName=\"-b\" value=\"1\" />\r\n<Cmdarg argName=\"-proj\" value=\"/mnt/rnd/mayaProject\" />\r\n<Cmdarg argName=\"-r\" value=\"file\" />\r\n</Cmd>\r\n','2009-06-19 11:13:07'),(99,140,91,4,'Finish','2009-06-19 11:13:11'),(100,141,90,5,'<?xml version=\"1.0\" encoding=\"UTF-8\"?>\r\n<Cmd cmdModelName=\"Maya\">\r\n<Cmdarg argName=\"-s\" value=\"1\" />\r\n<Cmdarg argName=\"-e\" value=\"2\" />\r\n<Cmdarg argName=\"-proj\" value=\"/mnt/rnd/mayaProject\" />\r\n<Cmdarg argName=\"-b\" value=\"1\" />\r\n<Cmdarg argName=\"-r\" value=\"file\" />\r\n<Endarg argName=\"-f\" value=\"/mnt/rnd/mayaProject/scenes/test.mb\" />\r\n</Cmd>\r\n','2009-06-19 15:57:18'),(101,NULL,81,5,'','2009-06-19 15:57:18'),(121,141,90,4,'<?xml version=\"1.0\" encoding=\"UTF-8\"?>\r\n<Cmd cmdModelName=\"Maya\">\r\n<Cmdarg argName=\"-e\" value=\"2\" />\r\n<Cmdarg argName=\"-s\" value=\"1\" />\r\n<Cmdarg argName=\"-r\" value=\"file\" />\r\n<Cmdarg argName=\"-proj\" value=\"/mnt/rnd/mayaProject\" />\r\n<Cmdarg argName=\"-b\" value=\"1\" />\r\n<Endarg argName=\"-f\" value=\"/mnt/rnd/mayaProject/scenes/test.mb\" />\r\n</Cmd>\r\n','2009-06-19 16:51:15'),(122,141,80,4,'0  1  Starting \"/mnt/data/maya2008-x64/bin/maya\"2  3  File read in 0 seconds.4  Result: /mnt/rnd/mayaProject/scenes/test.mb16     0.002 Mb	arguments15     5.469 Mb	MEL17     0.125 Mb	Transforms18     0.062 Mb	Arrays19  ====================================21  A default light has been created, modify defaultRenderGlobals.enableDefaultLight to change this behavior.22  Automatic near/far clipping values: 1.77923, 3.68612.7  Resource Usage At Start Of Rendering12  ====================================13    24.131 Mb	Heap8  ====================================6  ====================================9      1089	Page faults23  Starting Rendering /mnt/rnd/mayaProject/images/test.1.iff.24  Constructing shading groups25  20  Rendering using 4 render processes.11     6.059 Mb	Peak arena size10    75.884 Mb	Peak total size(Estimated)5  Total Elapsed Time Since Start Of Maya (hh:mm:ss): 00:00:0314     0.332 Mb	Data Blocks27  26  Rendering current frame.28  Frame triangle count: 1229  ====================================34    27.012 Mb	Peak arena size54  59  Rendering current frame.37     0.332 Mb	Data Blocks50  Finished Rendering /mnt/rnd/mayaProject/images/test.1.iff.30  Resource Usage At End Of Frame57  Constructing shading groups51  58  33   100.920 Mb	Peak total size(Estimated)48  Time For Post Process (hh:mm:ss): 00:00:0040     7.008 Mb	Render Cache42     0.062 Mb	Arrays41     0.125 Mb	Transforms47  Time For Shadow Map   (hh:mm:ss): 00:00:0049  Time For Frame Render (hh:mm:ss): 00:00:0055  Automatic near/far clipping values: 1.77923, 3.68612.60  38     5.469 Mb	MEL43     0.007 Mb	Render Geometry Arena35  ====================================31  ====================================44  ====================================45  Postprocessing rendering result.52  ------------------------------------------------------------36    24.415 Mb	Heap39     0.002 Mb	arguments46  Time For Tessellation (hh:mm:ss): 00:00:0056  Starting Rendering /mnt/rnd/mayaProject/images/test.2.iff.32        29	Page faults53  61  Frame triangle count: 1262  ====================================63  Resource Usage At End Of Frame64  ====================================65   107.183 Mb	Peak total size(Estimated)66    23.508 Mb	Peak arena size72     0.002 Mb	arguments75     0.007 Mb	Render Geometry Arena76  ====================================69     7.008 Mb	Render Cache70     0.332 Mb	Data Blocks71     5.469 Mb	MEL73     0.125 Mb	Transforms67  ====================================68    34.416 Mb	Heap74     0.062 Mb	Arrays77  Postprocessing rendering result.78  Time For Tessellation (hh:mm:ss): 00:00:0079  Time For Shadow Map   (hh:mm:ss): 00:00:0080  Time For Post Process (hh:mm:ss): 00:00:0081  Time For Frame Render (hh:mm:ss): 00:00:0082  Finished Rendering /mnt/rnd/mayaProject/images/test.2.iff.84  ------------------------------------------------------------85  86  87  ====================================88  Resource Usage At End Of Rendering89  ====================================90   107.183 Mb	Peak total size(Estimated)91    12.996 Mb	Peak arena size92  ====================================93    24.359 Mb	Heap94     7.008 Mb	Render Cache95     0.332 Mb	Data Blocks96     5.469 Mb	MEL97     0.002 Mb	arguments98     0.125 Mb	Transforms83  100  ====================================101  Total Time For Render (hh:mm:ss): 00:00:00102  Total Elapsed Time For Maya (hh:mm:ss): 00:00:04103  Scene /mnt/rnd/mayaProject/scenes/test.mb completed.99     0.062 Mb	Arrays***GOODBYE***','2009-06-19 16:51:26'),(123,141,91,4,'Finish','2009-06-19 16:51:26'),(124,142,90,5,'<?xml version=\"1.0\" encoding=\"UTF-8\"?>\r\n<Cmd cmdModelName=\"Maya\">\r\n<Cmdarg argName=\"-s\" value=\"3\" />\r\n<Cmdarg argName=\"-e\" value=\"4\" />\r\n<Cmdarg argName=\"-r\" value=\"file\" />\r\n<Cmdarg argName=\"-proj\" value=\"/mnt/rnd/mayaProject\" />\r\n<Cmdarg argName=\"-b\" value=\"1\" />\r\n<Endarg argName=\"-f\" value=\"/mnt/rnd/mayaProject/scenes/test.mb\" />\r\n</Cmd>\r\n','2009-06-19 16:53:55'),(125,142,81,5,'','2009-06-19 16:53:55'),(132,145,90,5,'<?xml version=\"1.0\" encoding=\"UTF-8\"?>\r\n<Cmd cmdModelName=\"Maya\">\r\n<Cmdarg argName=\"-s\" value=\"9\" />\r\n<Cmdarg argName=\"-e\" value=\"10\" />\r\n<Cmdarg argName=\"-r\" value=\"file\" />\r\n<Endarg argName=\"-f\" value=\"/mnt/rnd/mayaProject/scenes/test.mb\" />\r\n<Cmdarg argName=\"-proj\" value=\"/mnt/rnd/mayaProject\" />\r\n<Cmdarg argName=\"-b\" value=\"1\" />\r\n</Cmd>\r\n','2009-06-19 17:09:04'),(133,145,81,5,'','2009-06-19 17:09:04'),(156,142,90,4,'<?xml version=\"1.0\" encoding=\"UTF-8\"?>\r\n<Cmd cmdModelName=\"Maya\">\r\n<Cmdarg argName=\"-s\" value=\"3\" />\r\n<Cmdarg argName=\"-e\" value=\"4\" />\r\n<Cmdarg argName=\"-proj\" value=\"/mnt/rnd/mayaProject\" />\r\n<Cmdarg argName=\"-r\" value=\"file\" />\r\n<Cmdarg argName=\"-b\" value=\"1\" />\r\n<Endarg argName=\"-f\" value=\"/mnt/rnd/mayaProject/scenes/test.mb\" />\r\n</Cmd>\r\n','2009-06-19 17:31:32'),(157,142,80,4,'0  1  Starting \"/mnt/data/maya2008-x64/bin/maya\"2  3  File read in 0 seconds.4  Result: /mnt/rnd/mayaProject/scenes/test.mb6  ====================================8  ====================================13     0.002 Mb	arguments10     6.059 Mb	Peak arena size7  Resource Usage At Start Of Rendering5  Total Elapsed Time Since Start Of Maya (hh:mm:ss): 00:00:0317     0.062 Mb	Arrays18  ====================================9    75.885 Mb	Peak total size(Estimated)11  ====================================12    24.130 Mb	Heap14     0.332 Mb	Data Blocks15     5.469 Mb	MEL16     0.125 Mb	Transforms20  A default light has been created, modify defaultRenderGlobals.enableDefaultLight to change this behavior.21  Automatic near/far clipping values: 1.77923, 3.68612.19  Rendering using 4 render processes.26  22  Starting Rendering /mnt/rnd/mayaProject/images/test.3.iff.24  23  Constructing shading groups25  Rendering current frame.27  Frame triangle count: 1228  ====================================29  Resource Usage At End Of Frame31   101.035 Mb	Peak total size(Estimated)30  ====================================32    27.012 Mb	Peak arena size33  ====================================34    24.414 Mb	Heap41     0.062 Mb	Arrays42  ====================================44  Time For Tessellation (hh:mm:ss): 00:00:0035     0.002 Mb	arguments37     5.469 Mb	MEL46  Time For Post Process (hh:mm:ss): 00:00:0047  Time For Frame Render (hh:mm:ss): 00:00:0040     0.125 Mb	Transforms48  Finished Rendering /mnt/rnd/mayaProject/images/test.3.iff.36     0.332 Mb	Data Blocks39     7.008 Mb	Render Cache38     0.007 Mb	Render Geometry Arena50  ------------------------------------------------------------51  53  Automatic near/far clipping values: 1.77923, 3.68612.43  Postprocessing rendering result.54  Starting Rendering /mnt/rnd/mayaProject/images/test.4.iff.55  Constructing shading groups56  57  Rendering current frame.45  Time For Shadow Map   (hh:mm:ss): 00:00:0058  49  52  60  ====================================61  Resource Usage At End Of Frame62  ====================================63   103.690 Mb	Peak total size(Estimated)59  Frame triangle count: 1264    20.004 Mb	Peak arena size65  ====================================66    34.415 Mb	Heap67     0.007 Mb	Render Geometry Arena68     0.002 Mb	arguments69     0.332 Mb	Data Blocks70     5.469 Mb	MEL71     7.008 Mb	Render Cache72     0.125 Mb	Transforms73     0.062 Mb	Arrays74  ====================================75  Postprocessing rendering result.76  Time For Tessellation (hh:mm:ss): 00:00:0077  Time For Shadow Map   (hh:mm:ss): 00:00:0078  Time For Post Process (hh:mm:ss): 00:00:0079  Time For Frame Render (hh:mm:ss): 00:00:0080  Finished Rendering /mnt/rnd/mayaProject/images/test.4.iff.81  82  ------------------------------------------------------------84  85  ====================================86  Resource Usage At End Of Rendering87  ====================================88   103.690 Mb	Peak total size(Estimated)89    12.996 Mb	Peak arena size90  ====================================91    24.357 Mb	Heap92     0.002 Mb	arguments83  94     5.469 Mb	MEL95     7.008 Mb	Render Cache97     0.062 Mb	Arrays93     0.332 Mb	Data Blocks99  Total Time For Render (hh:mm:ss): 00:00:00100  Total Elapsed Time For Maya (hh:mm:ss): 00:00:04101  Scene /mnt/rnd/mayaProject/scenes/test.mb completed.***GOODBYE***96     0.125 Mb	Transforms98  ====================================','2009-06-19 17:31:38'),(158,142,91,4,'Finish','2009-06-19 17:31:38'),(159,143,80,2,'0:realLog\n1:realLog\n2:realLog\n3:realLog\n4:realLog\n5:realLog\n6:realLog\n7:realLog\n8:realLog\n9:realLog\n***GOODBYE***\n','2009-06-23 11:35:25'),(160,143,91,2,'Finish','2009-06-23 11:35:25'),(161,143,80,2,'0:realLog\n1:realLog\n2:realLog\n3:realLog\n4:realLog\n5:realLog\n6:realLog\n7:realLog\n8:realLog\n9:realLog\n***GOODBYE***\n','2009-06-23 11:41:42'),(162,143,91,2,'Finish','2009-06-23 11:41:42'),(163,143,81,2,'0:realLog\n1:realLog\n2:realLog\n','2009-06-23 13:12:01'),(164,143,81,2,'0:realLog\n1:realLog\n2:realLog\n','2009-06-23 13:13:18'),(165,143,81,2,'4:realLog\n','2009-06-23 13:14:12'),(166,143,81,2,'0:realLog\n1:realLog\n2:realLog\n','2009-06-23 13:15:19'),(167,143,80,2,'0:realLog\n1:realLog\n***GOODBYE***\n','2009-06-23 13:18:42'),(168,143,91,2,'Finish','2009-06-23 13:18:42'),(169,143,81,2,'0:realLog\n1:realLog\n2:realLog\n','2009-06-23 13:38:58'),(170,143,81,2,'3:realLog\n','2009-06-23 13:39:38'),(171,143,81,2,'0:realLog\n1:realLog\n2:realLog\n','2009-06-23 13:41:41'),(172,144,90,4,'<?xml version=\"1.0\" encoding=\"UTF-8\"?>\r\n<Cmd cmdModelName=\"Maya\">\r\n<Cmdarg argName=\"-s\" value=\"7\" />\r\n<Cmdarg argName=\"-e\" value=\"8\" />\r\n<Cmdarg argName=\"-b\" value=\"1\" />\r\n<Endarg argName=\"-f\" value=\"/mnt/rnd/mayaProject/scenes/test.mb\" />\r\n<Cmdarg argName=\"-r\" value=\"file\" />\r\n<Cmdarg argName=\"-proj\" value=\"/mnt/rnd/mayaProject\" />\r\n</Cmd>\r\n','2009-06-30 11:14:11'),(173,144,80,4,'0  \n1  Starting \"/mnt/data/maya2008-x64/bin/maya\"\n2  \n3  File read in 0 seconds.\n4  Result: /mnt/rnd/mayaProject/scenes/test.mb\n5  Total Elapsed Time Since Start Of Maya (hh:mm:ss): 00:00:04\n6  ====================================\n8  ====================================\n11  ====================================\n18  ====================================\n23  Constructing shading groups\n9    75.884 Mb	Peak total size(Estimated)\n27  Frame triangle count: 12\n10     6.059 Mb	Peak arena size\n7  Resource Usage At Start Of Rendering\n28  ====================================\n26  \n22  Starting Rendering /mnt/rnd/mayaProject/images/test.7.iff.\n25  Rendering current frame.\n34  ====================================\n35    24.413 Mb	Heap\n24  \n37     0.332 Mb	Data Blocks\n20  A default light has been created, modify defaultRenderGlobals.enableDefaultLight to change this behavior.\n38     7.008 Mb	Render Cache\n17     0.062 Mb	Arrays\n39     0.007 Mb	Render Geometry Arena\n21  Automatic near/far clipping values: 1.77923, 3.68612.\n19  Rendering using 4 render processes.\n16     0.125 Mb	Transforms\n41     0.125 Mb	Transforms\n15     0.002 Mb	arguments\n14     0.332 Mb	Data Blocks\n42     0.062 Mb	Arrays\n13     5.469 Mb	MEL\n12    24.129 Mb	Heap\n43  ====================================\n44  Postprocessing rendering result.\n46  Time For Shadow Map   (hh:mm:ss): 00:00:00\n47  Time For Post Process (hh:mm:ss): 00:00:00\n49  Finished Rendering /mnt/rnd/mayaProject/images/test.7.iff.\n51  ------------------------------------------------------------\n40     0.002 Mb	arguments\n52  \n53  \n54  Automatic near/far clipping values: 1.77923, 3.68612.\n58  Rendering current frame.\n36     5.469 Mb	MEL\n33    16.500 Mb	Peak arena size\n60  Frame triangle count: 12\n32    90.435 Mb	Peak total size(Estimated)\n61  ====================================\n31         7	Page faults\n62  Resource Usage At End Of Frame\n63  ====================================\n64   100.312 Mb	Peak total size(Estimated)\n30  ====================================\n65    16.500 Mb	Peak arena size\n29  Resource Usage At End Of Frame\n66  ====================================\n67    34.414 Mb	Heap\n69     0.332 Mb	Data Blocks\n70     7.008 Mb	Render Cache\n71     0.007 Mb	Render Geometry Arena\n72     0.002 Mb	arguments\n59  \n74     0.062 Mb	Arrays\n75  ====================================\n76  Postprocessing rendering result.\n77  Time For Tessellation (hh:mm:ss): 00:00:00\n57  \n78  Time For Shadow Map   (hh:mm:ss): 00:00:00\n56  Constructing shading groups\n55  Starting Rendering /mnt/rnd/mayaProject/images/test.8.iff.\n80  Time For Frame Render (hh:mm:ss): 00:00:00\n81  Finished Rendering /mnt/rnd/mayaProject/images/test.8.iff.\n50  \n48  Time For Frame Render (hh:mm:ss): 00:00:00\n83  ------------------------------------------------------------\n84  \n85  \n86  ====================================\n45  Time For Tessellation (hh:mm:ss): 00:00:00\n87  Resource Usage At End Of Rendering\n88  ====================================\n89   100.312 Mb	Peak total size(Estimated)\n90    12.996 Mb	Peak arena size\n91  ====================================\n92    24.356 Mb	Heap\n93     5.469 Mb	MEL\n94     0.332 Mb	Data Blocks\n95     7.008 Mb	Render Cache\n96     0.002 Mb	arguments\n97     0.125 Mb	Transforms\n99  ====================================\n100  Total Time For Render (hh:mm:ss): 00:00:00\n101  Total Elapsed Time For Maya (hh:mm:ss): 00:00:04\n102  Scene /mnt/rnd/mayaProject/scenes/test.mb completed.\n***GOODBYE***\n82  \n79  Time For Post Process (hh:mm:ss): 00:00:00\n73     0.125 Mb	Transforms\n68     5.469 Mb	MEL\n98     0.062 Mb	Arrays\n','2009-06-30 11:14:16'),(174,144,91,4,'Finish','2009-06-30 11:14:16'),(175,145,90,4,'<?xml version=\"1.0\" encoding=\"UTF-8\"?>\r\n<Cmd cmdModelName=\"Maya\">\r\n<Cmdarg argName=\"-e\" value=\"10\" />\r\n<Cmdarg argName=\"-s\" value=\"9\" />\r\n<Cmdarg argName=\"-b\" value=\"1\" />\r\n<Endarg argName=\"-f\" value=\"/mnt/rnd/mayaProject/scenes/test.mb\" />\r\n<Cmdarg argName=\"-r\" value=\"file\" />\r\n<Cmdarg argName=\"-proj\" value=\"/mnt/rnd/mayaProject\" />\r\n</Cmd>\r\n','2009-06-30 11:14:31'),(176,145,80,4,'0  \n1  Starting \"/mnt/data/maya2008-x64/bin/maya\"\n2  \n3  File read in 0 seconds.\n4  Result: /mnt/rnd/mayaProject/scenes/test.mb\n6  ====================================\n8  ====================================\n22  Starting Rendering /mnt/rnd/mayaProject/images/test.9.iff.\n5  Total Elapsed Time Since Start Of Maya (hh:mm:ss): 00:00:04\n24  \n23  Constructing shading groups\n15     0.125 Mb	Transforms\n26  \n21  Automatic near/far clipping values: 1.77923, 3.68612.\n20  A default light has been created, modify defaultRenderGlobals.enableDefaultLight to change this behavior.\n14     5.469 Mb	MEL\n18  ====================================\n19  Rendering using 4 render processes.\n16     0.002 Mb	arguments\n17     0.062 Mb	Arrays\n13     0.332 Mb	Data Blocks\n9    75.883 Mb	Peak total size(Estimated)\n12    24.132 Mb	Heap\n11  ====================================\n10     6.059 Mb	Peak arena size\n7  Resource Usage At Start Of Rendering\n25  Rendering current frame.\n27  Frame triangle count: 12\n37     0.007 Mb	Render Geometry Arena\n43  Postprocessing rendering result.\n41     0.062 Mb	Arrays\n42  ====================================\n40     0.002 Mb	arguments\n39     0.125 Mb	Transforms\n46  Time For Post Process (hh:mm:ss): 00:00:00\n38     7.008 Mb	Render Cache\n36     5.469 Mb	MEL\n47  Time For Frame Render (hh:mm:ss): 00:00:00\n35     0.332 Mb	Data Blocks\n48  Finished Rendering /mnt/rnd/mayaProject/images/test.9.iff.\n49  \n50  ------------------------------------------------------------\n51  \n34    24.416 Mb	Heap\n53  Automatic near/far clipping values: 1.77923, 3.68612.\n54  Starting Rendering /mnt/rnd/mayaProject/images/test.10.iff.\n55  Constructing shading groups\n56  \n31    86.932 Mb	Peak total size(Estimated)\n57  Rendering current frame.\n33  ====================================\n32    12.996 Mb	Peak arena size\n29  Resource Usage At End Of Frame\n30  ====================================\n28  ====================================\n58  \n52  \n45  Time For Shadow Map   (hh:mm:ss): 00:00:00\n44  Time For Tessellation (hh:mm:ss): 00:00:00\n59  Frame triangle count: 12\n62  ====================================\n73     0.062 Mb	Arrays\n74  ====================================\n76  Time For Tessellation (hh:mm:ss): 00:00:00\n77  Time For Shadow Map   (hh:mm:ss): 00:00:00\n78  Time For Post Process (hh:mm:ss): 00:00:00\n72     0.002 Mb	arguments\n79  Time For Frame Render (hh:mm:ss): 00:00:00\n64    12.996 Mb	Peak arena size\n71     0.125 Mb	Transforms\n70     7.008 Mb	Render Cache\n69     5.469 Mb	MEL\n68     0.332 Mb	Data Blocks\n67     0.007 Mb	Render Geometry Arena\n66    34.417 Mb	Heap\n65  ====================================\n83  \n63    86.932 Mb	Peak total size(Estimated)\n84  \n85  ====================================\n86  Resource Usage At End Of Rendering\n87  ====================================\n60  ====================================\n89    12.996 Mb	Peak arena size\n61  Resource Usage At End Of Frame\n90  ====================================\n91    24.359 Mb	Heap\n92     0.332 Mb	Data Blocks\n93     5.469 Mb	MEL\n94     7.008 Mb	Render Cache\n95     0.125 Mb	Transforms\n96     0.002 Mb	arguments\n88    86.932 Mb	Peak total size(Estimated)\n98  ====================================\n99  Total Time For Render (hh:mm:ss): 00:00:00\n101  Scene /mnt/rnd/mayaProject/scenes/test.mb completed.\n82  ------------------------------------------------------------\n81  \n80  Finished Rendering /mnt/rnd/mayaProject/images/test.10.iff.\n75  Postprocessing rendering result.\n***GOODBYE***\n100  Total Elapsed Time For Maya (hh:mm:ss): 00:00:04\n97     0.062 Mb	Arrays\n','2009-06-30 11:14:37'),(177,145,91,4,'Finish','2009-06-30 11:14:37'),(178,146,90,4,'<?xml version=\"1.0\" encoding=\"UTF-8\"?>\r\n<Cmd cmdModelName=\"Maya\">\r\n<Cmdarg argName=\"-e\" value=\"2\" />\r\n<Cmdarg argName=\"-s\" value=\"1\" />\r\n<Cmdarg argName=\"-b\" value=\"1\" />\r\n<Cmdarg argName=\"-r\" value=\"file\" />\r\n<Endarg argName=\"\" value=\"/mnt/rnd/mayaProject/scenes/test.mb\" />\r\n<Cmdarg argName=\"-proj\" value=\"/mnt/rnd/mayaProject\" />\r\n</Cmd>\r\n','2009-06-30 14:46:45'),(179,146,80,4,'1  Starting \"/mnt/data/maya2008-x64/bin/maya\"\n0  \n2  \n3  File read in 0 seconds.\n4  Result: /mnt/rnd/mayaProject/scenes/test.mb\n5  Total Elapsed Time Since Start Of Maya (hh:mm:ss): 00:00:04\n20  A default light has been created, modify defaultRenderGlobals.enableDefaultLight to change this behavior.\n19  Rendering using 4 render processes.\n13     0.332 Mb	Data Blocks\n18  ====================================\n17     0.062 Mb	Arrays\n16     0.125 Mb	Transforms\n15     0.002 Mb	arguments\n14     5.469 Mb	MEL\n12    24.131 Mb	Heap\n11  ====================================\n10     6.059 Mb	Peak arena size\n9    75.883 Mb	Peak total size(Estimated)\n8  ====================================\n7  Resource Usage At Start Of Rendering\n6  ====================================\n24  \n25  Rendering current frame.\n23  Constructing shading groups\n22  Starting Rendering /mnt/rnd/mayaProject/images/test.1.iff.\n21  Automatic near/far clipping values: 1.77923, 3.68612.\n26  \n27  Frame triangle count: 12\n32    20.004 Mb	Peak arena size\n36     5.469 Mb	MEL\n35     0.332 Mb	Data Blocks\n33  ====================================\n28  ====================================\n31    93.927 Mb	Peak total size(Estimated)\n30  ====================================\n29  Resource Usage At End Of Frame\n45  Time For Shadow Map   (hh:mm:ss): 00:00:00\n44  Time For Tessellation (hh:mm:ss): 00:00:00\n43  Postprocessing rendering result.\n37     7.008 Mb	Render Cache\n42  ====================================\n41     0.062 Mb	Arrays\n40     0.007 Mb	Render Geometry Arena\n39     0.125 Mb	Transforms\n38     0.002 Mb	arguments\n34    24.377 Mb	Heap\n52  \n50  ------------------------------------------------------------\n49  \n48  Finished Rendering /mnt/rnd/mayaProject/images/test.1.iff.\n47  Time For Frame Render (hh:mm:ss): 00:00:00\n46  Time For Post Process (hh:mm:ss): 00:00:00\n58  \n57  Rendering current frame.\n56  \n55  Constructing shading groups\n54  Starting Rendering /mnt/rnd/mayaProject/images/test.2.iff.\n53  Automatic near/far clipping values: 1.77923, 3.68612.\n51  \n59  Frame triangle count: 12\n72     0.125 Mb	Transforms\n73     0.062 Mb	Arrays\n71     7.008 Mb	Render Cache\n65  ====================================\n70     0.007 Mb	Render Geometry Arena\n69     0.002 Mb	arguments\n68     5.469 Mb	MEL\n67     0.332 Mb	Data Blocks\n66    34.378 Mb	Heap\n64    30.516 Mb	Peak arena size\n63   114.248 Mb	Peak total size(Estimated)\n62  ====================================\n61  Resource Usage At End Of Frame\n60  ====================================\n80  Finished Rendering /mnt/rnd/mayaProject/images/test.2.iff.\n84  \n79  Time For Frame Render (hh:mm:ss): 00:00:00\n78  Time For Post Process (hh:mm:ss): 00:00:00\n77  Time For Shadow Map   (hh:mm:ss): 00:00:00\n76  Time For Tessellation (hh:mm:ss): 00:00:00\n75  Postprocessing rendering result.\n74  ====================================\n89    12.996 Mb	Peak arena size\n92     0.332 Mb	Data Blocks\n88   114.248 Mb	Peak total size(Estimated)\n87  ====================================\n86  Resource Usage At End Of Rendering\n85  ====================================\n95     7.008 Mb	Render Cache\n83  \n82  ------------------------------------------------------------\n81  \n97     0.062 Mb	Arrays\n99  Total Time For Render (hh:mm:ss): 00:00:00\n96     0.125 Mb	Transforms\n94     0.002 Mb	arguments\n93     5.469 Mb	MEL\n91    24.320 Mb	Heap\n90  ====================================\n***GOODBYE***\n101  Scene /mnt/rnd/mayaProject/scenes/test.mb completed.\n100  Total Elapsed Time For Maya (hh:mm:ss): 00:00:04\n98  ====================================\n','2009-06-30 14:46:50'),(180,146,91,4,'Finish','2009-06-30 14:46:50'),(181,147,90,4,'<?xml version=\"1.0\" encoding=\"UTF-8\"?>\r\n<Cmd cmdModelName=\"Maya\">\r\n<Cmdarg argName=\"-s\" value=\"3\" />\r\n<Cmdarg argName=\"-e\" value=\"4\" />\r\n<Cmdarg argName=\"-b\" value=\"1\" />\r\n<Cmdarg argName=\"-r\" value=\"file\" />\r\n<Endarg argName=\"\" value=\"/mnt/rnd/mayaProject/scenes/test.mb\" />\r\n<Cmdarg argName=\"-proj\" value=\"/mnt/rnd/mayaProject\" />\r\n</Cmd>\r\n','2009-06-30 14:47:05'),(182,147,80,4,'1  Starting \"/mnt/data/maya2008-x64/bin/maya\"\n0  \n2  \n3  File read in 0 seconds.\n4  Result: /mnt/rnd/mayaProject/scenes/test.mb\n6  ====================================\n14     0.332 Mb	Data Blocks\n15     0.125 Mb	Transforms\n10     6.059 Mb	Peak arena size\n13     5.469 Mb	MEL\n12    24.130 Mb	Heap\n11  ====================================\n5  Total Elapsed Time Since Start Of Maya (hh:mm:ss): 00:00:04\n9    75.882 Mb	Peak total size(Estimated)\n8  ====================================\n7  Resource Usage At Start Of Rendering\n21  Automatic near/far clipping values: 1.77923, 3.68612.\n20  A default light has been created, modify defaultRenderGlobals.enableDefaultLight to change this behavior.\n19  Rendering using 4 render processes.\n18  ====================================\n16     0.002 Mb	arguments\n17     0.062 Mb	Arrays\n26  \n25  Rendering current frame.\n24  \n23  Constructing shading groups\n22  Starting Rendering /mnt/rnd/mayaProject/images/test.3.iff.\n27  Frame triangle count: 12\n34    24.413 Mb	Heap\n40     0.002 Mb	arguments\n39     0.007 Mb	Render Geometry Arena\n38     0.125 Mb	Transforms\n37     7.008 Mb	Render Cache\n36     0.332 Mb	Data Blocks\n35     5.469 Mb	MEL\n28  ====================================\n33  ====================================\n32    16.500 Mb	Peak arena size\n31    90.467 Mb	Peak total size(Estimated)\n30  ====================================\n29  Resource Usage At End Of Frame\n46  Time For Post Process (hh:mm:ss): 00:00:00\n48  Finished Rendering /mnt/rnd/mayaProject/images/test.3.iff.\n45  Time For Shadow Map   (hh:mm:ss): 00:00:00\n52  \n44  Time For Tessellation (hh:mm:ss): 00:00:00\n43  Postprocessing rendering result.\n41     0.062 Mb	Arrays\n42  ====================================\n55  Constructing shading groups\n54  Starting Rendering /mnt/rnd/mayaProject/images/test.4.iff.\n53  Automatic near/far clipping values: 1.77923, 3.68612.\n51  \n50  ------------------------------------------------------------\n49  \n47  Time For Frame Render (hh:mm:ss): 00:00:00\n58  \n57  Rendering current frame.\n56  \n59  Frame triangle count: 12\n63    90.467 Mb	Peak total size(Estimated)\n72     0.002 Mb	arguments\n71     0.125 Mb	Transforms\n70     7.008 Mb	Render Cache\n69     0.332 Mb	Data Blocks\n68     5.469 Mb	MEL\n67     0.007 Mb	Render Geometry Arena\n66    34.414 Mb	Heap\n65  ====================================\n64    12.996 Mb	Peak arena size\n61  Resource Usage At End Of Frame\n62  ====================================\n60  ====================================\n77  Time For Shadow Map   (hh:mm:ss): 00:00:00\n80  Finished Rendering /mnt/rnd/mayaProject/images/test.4.iff.\n76  Time For Tessellation (hh:mm:ss): 00:00:00\n82  ------------------------------------------------------------\n75  Postprocessing rendering result.\n74  ====================================\n73     0.062 Mb	Arrays\n87  ====================================\n86  Resource Usage At End Of Rendering\n85  ====================================\n84  \n83  \n81  \n79  Time For Frame Render (hh:mm:ss): 00:00:00\n78  Time For Post Process (hh:mm:ss): 00:00:00\n94     7.008 Mb	Render Cache\n93     0.332 Mb	Data Blocks\n92     5.469 Mb	MEL\n91    24.357 Mb	Heap\n90  ====================================\n89    12.996 Mb	Peak arena size\n88    90.467 Mb	Peak total size(Estimated)\n***GOODBYE***\n101  Scene /mnt/rnd/mayaProject/scenes/test.mb completed.\n100  Total Elapsed Time For Maya (hh:mm:ss): 00:00:04\n99  Total Time For Render (hh:mm:ss): 00:00:00\n98  ====================================\n97     0.062 Mb	Arrays\n96     0.002 Mb	arguments\n95     0.125 Mb	Transforms\n','2009-06-30 14:47:10'),(183,147,91,4,'Finish','2009-06-30 14:47:10'),(184,148,90,4,'<?xml version=\"1.0\" encoding=\"UTF-8\"?>\r\n<Cmd cmdModelName=\"Maya\">\r\n<Cmdarg argName=\"-s\" value=\"5\" />\r\n<Cmdarg argName=\"-e\" value=\"6\" />\r\n<Cmdarg argName=\"-b\" value=\"1\" />\r\n<Cmdarg argName=\"-r\" value=\"file\" />\r\n<Endarg argName=\"\" value=\"/mnt/rnd/mayaProject/scenes/test.mb\" />\r\n<Cmdarg argName=\"-proj\" value=\"/mnt/rnd/mayaProject\" />\r\n</Cmd>\r\n','2009-06-30 14:47:25'),(185,148,80,4,'0  \n1  Starting \"/mnt/data/maya2008-x64/bin/maya\"\n2  \n3  File read in 0 seconds.\n4  Result: /mnt/rnd/mayaProject/scenes/test.mb\n5  Total Elapsed Time Since Start Of Maya (hh:mm:ss): 00:00:04\n19  Rendering using 4 render processes.\n18  ====================================\n17     0.002 Mb	arguments\n10     6.059 Mb	Peak arena size\n16     0.062 Mb	Arrays\n15     0.125 Mb	Transforms\n14     0.332 Mb	Data Blocks\n13     5.469 Mb	MEL\n12    24.131 Mb	Heap\n11  ====================================\n9    75.883 Mb	Peak total size(Estimated)\n8  ====================================\n7  Resource Usage At Start Of Rendering\n6  ====================================\n23  Constructing shading groups\n22  Starting Rendering /mnt/rnd/mayaProject/images/test.5.iff.\n21  Automatic near/far clipping values: 1.77923, 3.68612.\n20  A default light has been created, modify defaultRenderGlobals.enableDefaultLight to change this behavior.\n26  \n25  Rendering current frame.\n24  \n27  Frame triangle count: 12\n30  ====================================\n42  ====================================\n41     0.002 Mb	arguments\n40     0.062 Mb	Arrays\n39     0.125 Mb	Transforms\n38     0.332 Mb	Data Blocks\n37     7.008 Mb	Render Cache\n36     0.007 Mb	Render Geometry Arena\n35     5.469 Mb	MEL\n34    24.415 Mb	Heap\n33  ====================================\n32    23.508 Mb	Peak arena size\n31    97.408 Mb	Peak total size(Estimated)\n29  Resource Usage At End Of Frame\n28  ====================================\n53  Automatic near/far clipping values: 1.77923, 3.68612.\n47  Time For Frame Render (hh:mm:ss): 00:00:00\n46  Time For Post Process (hh:mm:ss): 00:00:00\n45  Time For Shadow Map   (hh:mm:ss): 00:00:00\n44  Time For Tessellation (hh:mm:ss): 00:00:00\n43  Postprocessing rendering result.\n58  \n57  Rendering current frame.\n56  \n55  Constructing shading groups\n54  Starting Rendering /mnt/rnd/mayaProject/images/test.6.iff.\n52  \n51  \n50  ------------------------------------------------------------\n49  \n48  Finished Rendering /mnt/rnd/mayaProject/images/test.5.iff.\n59  Frame triangle count: 12\n73     0.002 Mb	arguments\n74  ====================================\n69     7.008 Mb	Render Cache\n72     0.062 Mb	Arrays\n71     0.125 Mb	Transforms\n70     0.332 Mb	Data Blocks\n63   114.428 Mb	Peak total size(Estimated)\n68     0.007 Mb	Render Geometry Arena\n67     5.469 Mb	MEL\n66    34.416 Mb	Heap\n65  ====================================\n64    30.516 Mb	Peak arena size\n62  ====================================\n61  Resource Usage At End Of Frame\n60  ====================================\n79  Time For Frame Render (hh:mm:ss): 00:00:00\n78  Time For Post Process (hh:mm:ss): 00:00:00\n77  Time For Shadow Map   (hh:mm:ss): 00:00:00\n76  Time For Tessellation (hh:mm:ss): 00:00:00\n75  Postprocessing rendering result.\n88   114.428 Mb	Peak total size(Estimated)\n90  ====================================\n89    12.996 Mb	Peak arena size\n87  ====================================\n86  Resource Usage At End Of Rendering\n85  ====================================\n84  \n83  \n94     0.332 Mb	Data Blocks\n82  ------------------------------------------------------------\n81  \n80  Finished Rendering /mnt/rnd/mayaProject/images/test.6.iff.\n96     0.062 Mb	Arrays\n95     0.125 Mb	Transforms\n100  Total Elapsed Time For Maya (hh:mm:ss): 00:00:04\n101  Scene /mnt/rnd/mayaProject/scenes/test.mb completed.\n93     7.008 Mb	Render Cache\n92     5.469 Mb	MEL\n91    24.359 Mb	Heap\n***GOODBYE***\n99  Total Time For Render (hh:mm:ss): 00:00:00\n98  ====================================\n97     0.002 Mb	arguments\n','2009-06-30 14:47:30'),(186,148,91,4,'Finish','2009-06-30 14:47:30'),(187,149,90,4,'<?xml version=\"1.0\" encoding=\"UTF-8\"?>\r\n<Cmd cmdModelName=\"Maya\">\r\n<Cmdarg argName=\"-e\" value=\"8\" />\r\n<Cmdarg argName=\"-s\" value=\"7\" />\r\n<Cmdarg argName=\"-b\" value=\"1\" />\r\n<Cmdarg argName=\"-r\" value=\"file\" />\r\n<Endarg argName=\"\" value=\"/mnt/rnd/mayaProject/scenes/test.mb\" />\r\n<Cmdarg argName=\"-proj\" value=\"/mnt/rnd/mayaProject\" />\r\n</Cmd>\r\n','2009-06-30 14:47:45'),(188,149,80,4,'1  Starting \"/mnt/data/maya2008-x64/bin/maya\"\n0  \n2  \n3  File read in 0 seconds.\n4  Result: /mnt/rnd/mayaProject/scenes/test.mb\n5  Total Elapsed Time Since Start Of Maya (hh:mm:ss): 00:00:04\n10     6.059 Mb	Peak arena size\n17     0.062 Mb	Arrays\n16     0.002 Mb	arguments\n15     0.125 Mb	Transforms\n14     5.469 Mb	MEL\n13     0.332 Mb	Data Blocks\n12    24.129 Mb	Heap\n11  ====================================\n8  ====================================\n9    75.884 Mb	Peak total size(Estimated)\n6  ====================================\n7  Resource Usage At Start Of Rendering\n26  \n21  Automatic near/far clipping values: 1.77923, 3.68612.\n18  ====================================\n20  A default light has been created, modify defaultRenderGlobals.enableDefaultLight to change this behavior.\n19  Rendering using 4 render processes.\n25  Rendering current frame.\n24  \n23  Constructing shading groups\n22  Starting Rendering /mnt/rnd/mayaProject/images/test.7.iff.\n27  Frame triangle count: 12\n42  ====================================\n41     0.062 Mb	Arrays\n40     7.008 Mb	Render Cache\n39     0.002 Mb	arguments\n32    16.500 Mb	Peak arena size\n38     0.125 Mb	Transforms\n37     0.007 Mb	Render Geometry Arena\n36     5.469 Mb	MEL\n35     0.332 Mb	Data Blocks\n34    24.374 Mb	Heap\n33  ====================================\n31    90.438 Mb	Peak total size(Estimated)\n30  ====================================\n29  Resource Usage At End Of Frame\n28  ====================================\n47  Time For Frame Render (hh:mm:ss): 00:00:00\n50  ------------------------------------------------------------\n45  Time For Shadow Map   (hh:mm:ss): 00:00:00\n44  Time For Tessellation (hh:mm:ss): 00:00:00\n43  Postprocessing rendering result.\n56  \n57  Rendering current frame.\n55  Constructing shading groups\n54  Starting Rendering /mnt/rnd/mayaProject/images/test.8.iff.\n53  Automatic near/far clipping values: 1.77923, 3.68612.\n52  \n51  \n49  \n48  Finished Rendering /mnt/rnd/mayaProject/images/test.7.iff.\n46  Time For Post Process (hh:mm:ss): 00:00:00\n58  \n59  Frame triangle count: 12\n71     7.008 Mb	Render Cache\n70     0.125 Mb	Transforms\n69     0.007 Mb	Render Geometry Arena\n68     5.469 Mb	MEL\n67     0.332 Mb	Data Blocks\n66    34.375 Mb	Heap\n65  ====================================\n64    20.004 Mb	Peak arena size\n63   103.797 Mb	Peak total size(Estimated)\n62  ====================================\n61  Resource Usage At End Of Frame\n60  ====================================\n79  Time For Frame Render (hh:mm:ss): 00:00:00\n78  Time For Post Process (hh:mm:ss): 00:00:00\n77  Time For Shadow Map   (hh:mm:ss): 00:00:00\n76  Time For Tessellation (hh:mm:ss): 00:00:00\n75  Postprocessing rendering result.\n72     0.002 Mb	arguments\n74  ====================================\n73     0.062 Mb	Arrays\n90  ====================================\n88   103.797 Mb	Peak total size(Estimated)\n87  ====================================\n86  Resource Usage At End Of Rendering\n85  ====================================\n84  \n94     0.125 Mb	Transforms\n83  \n82  ------------------------------------------------------------\n81  \n80  Finished Rendering /mnt/rnd/mayaProject/images/test.8.iff.\n96     0.002 Mb	arguments\n95     7.008 Mb	Render Cache\n101  Scene /mnt/rnd/mayaProject/scenes/test.mb completed.\n93     5.469 Mb	MEL\n92     0.332 Mb	Data Blocks\n91    24.318 Mb	Heap\n89    12.996 Mb	Peak arena size\n***GOODBYE***\n100  Total Elapsed Time For Maya (hh:mm:ss): 00:00:04\n99  Total Time For Render (hh:mm:ss): 00:00:00\n98  ====================================\n97     0.062 Mb	Arrays\n','2009-06-30 14:47:50'),(189,149,91,4,'Finish','2009-06-30 14:47:50'),(190,150,90,4,'<?xml version=\"1.0\" encoding=\"UTF-8\"?>\r\n<Cmd cmdModelName=\"Maya\">\r\n<Cmdarg argName=\"-s\" value=\"9\" />\r\n<Cmdarg argName=\"-e\" value=\"10\" />\r\n<Cmdarg argName=\"-b\" value=\"1\" />\r\n<Cmdarg argName=\"-r\" value=\"file\" />\r\n<Endarg argName=\"\" value=\"/mnt/rnd/mayaProject/scenes/test.mb\" />\r\n<Cmdarg argName=\"-proj\" value=\"/mnt/rnd/mayaProject\" />\r\n</Cmd>\r\n','2009-06-30 14:48:05'),(191,150,80,4,'0  \n1  Starting \"/mnt/data/maya2008-x64/bin/maya\"\n2  \n3  File read in 0 seconds.\n4  Result: /mnt/rnd/mayaProject/scenes/test.mb\n5  Total Elapsed Time Since Start Of Maya (hh:mm:ss): 00:00:04\n17     0.062 Mb	Arrays\n20  A default light has been created, modify defaultRenderGlobals.enableDefaultLight to change this behavior.\n19  Rendering using 4 render processes.\n18  ====================================\n16     0.002 Mb	arguments\n15     0.125 Mb	Transforms\n14     0.332 Mb	Data Blocks\n13     5.469 Mb	MEL\n12    24.131 Mb	Heap\n11  ====================================\n10     6.059 Mb	Peak arena size\n9    75.882 Mb	Peak total size(Estimated)\n8  ====================================\n7  Resource Usage At Start Of Rendering\n6  ====================================\n23  Constructing shading groups\n24  \n22  Starting Rendering /mnt/rnd/mayaProject/images/test.9.iff.\n21  Automatic near/far clipping values: 1.77923, 3.68612.\n26  \n25  Rendering current frame.\n27  Frame triangle count: 12\n40     0.002 Mb	arguments\n39     0.125 Mb	Transforms\n36     0.007 Mb	Render Geometry Arena\n38     0.332 Mb	Data Blocks\n37     7.008 Mb	Render Cache\n35     5.469 Mb	MEL\n34    24.414 Mb	Heap\n33  ====================================\n32    16.500 Mb	Peak arena size\n31    90.471 Mb	Peak total size(Estimated)\n30  ====================================\n29  Resource Usage At End Of Frame\n28  ====================================\n47  Time For Frame Render (hh:mm:ss): 00:00:00\n46  Time For Post Process (hh:mm:ss): 00:00:00\n50  ------------------------------------------------------------\n45  Time For Shadow Map   (hh:mm:ss): 00:00:00\n44  Time For Tessellation (hh:mm:ss): 00:00:00\n43  Postprocessing rendering result.\n55  Constructing shading groups\n42  ====================================\n41     0.062 Mb	Arrays\n56  \n54  Starting Rendering /mnt/rnd/mayaProject/images/test.10.iff.\n53  Automatic near/far clipping values: 1.77923, 3.68612.\n52  \n51  \n49  \n48  Finished Rendering /mnt/rnd/mayaProject/images/test.9.iff.\n58  \n57  Rendering current frame.\n59  Frame triangle count: 12\n66    34.415 Mb	Heap\n67     5.469 Mb	MEL\n65  ====================================\n64    12.996 Mb	Peak arena size\n63    90.471 Mb	Peak total size(Estimated)\n62  ====================================\n61  Resource Usage At End Of Frame\n60  ====================================\n77  Time For Shadow Map   (hh:mm:ss): 00:00:00\n76  Time For Tessellation (hh:mm:ss): 00:00:00\n75  Postprocessing rendering result.\n74  ====================================\n69     7.008 Mb	Render Cache\n73     0.062 Mb	Arrays\n72     0.002 Mb	arguments\n71     0.125 Mb	Transforms\n70     0.332 Mb	Data Blocks\n68     0.007 Mb	Render Geometry Arena\n88    90.471 Mb	Peak total size(Estimated)\n85  ====================================\n84  \n83  \n82  ------------------------------------------------------------\n81  \n80  Finished Rendering /mnt/rnd/mayaProject/images/test.10.iff.\n79  Time For Frame Render (hh:mm:ss): 00:00:00\n78  Time For Post Process (hh:mm:ss): 00:00:00\n98  ====================================\n99  Total Time For Render (hh:mm:ss): 00:00:00\n92     5.469 Mb	MEL\n91    24.358 Mb	Heap\n90  ====================================\n89    12.996 Mb	Peak arena size\n87  ====================================\n86  Resource Usage At End Of Rendering\n***GOODBYE***\n101  Scene /mnt/rnd/mayaProject/scenes/test.mb completed.\n100  Total Elapsed Time For Maya (hh:mm:ss): 00:00:04\n97     0.062 Mb	Arrays\n96     0.002 Mb	arguments\n95     0.125 Mb	Transforms\n94     0.332 Mb	Data Blocks\n93     7.008 Mb	Render Cache\n','2009-06-30 14:48:10'),(192,150,91,4,'Finish','2009-06-30 14:48:10'),(193,151,90,4,'<?xml version=\"1.0\" encoding=\"UTF-8\"?>\r\n<Cmd cmdModelName=\"Maya\">\r\n<Cmdarg argName=\"-s\" value=\"1\" />\r\n<Cmdarg argName=\"-e\" value=\"2\" />\r\n<Cmdarg argName=\"-proj\" value=\"/mnt/rnd/mayaProject\" />\r\n<Cmdarg argName=\"-b\" value=\"1\" />\r\n<Cmdarg argName=\"-r\" value=\"file\" />\r\n<Endarg argName=\"\" value=\"/mnt/rnd/mayaProject/scenes/test.mb\" />\r\n</Cmd>\r\n','2009-07-01 11:02:15'),(194,151,81,4,'1  Starting \"/mnt/data/maya2008-x64/bin/maya\"\n0  \n2  \n','2009-07-01 11:02:25'),(195,143,81,2,'0:realLog\n1:realLog\n2:realLog\n','2009-07-01 11:29:20'),(196,152,90,2,'<?xml version=\"1.0\" encoding=\"UTF-8\"?>\r\n<Cmd cmdModelName=\"Maya\">\r\n<Cmdarg argName=\"-s\" value=\"3\" />\r\n<Cmdarg argName=\"-e\" value=\"4\" />\r\n<Cmdarg argName=\"-proj\" value=\"/mnt/rnd/mayaProject\" />\r\n<Cmdarg argName=\"-r\" value=\"file\" />\r\n<Endarg argName=\"\" value=\"/mnt/rnd/mayaProject/scenes/test.mb\" />\r\n<Cmdarg argName=\"-b\" value=\"1\" />\r\n</Cmd>\r\n','2009-07-01 11:42:01'),(197,152,81,2,'','2009-07-01 11:42:01'),(198,153,90,5,'<?xml version=\"1.0\" encoding=\"UTF-8\"?>\r\n<Cmd cmdModelName=\"Maya\">\r\n<Cmdarg argName=\"-s\" value=\"5\" />\r\n<Cmdarg argName=\"-e\" value=\"6\" />\r\n<Cmdarg argName=\"-proj\" value=\"/mnt/rnd/mayaProject\" />\r\n<Cmdarg argName=\"-r\" value=\"file\" />\r\n<Endarg argName=\"\" value=\"/mnt/rnd/mayaProject/scenes/test.mb\" />\r\n<Cmdarg argName=\"-b\" value=\"1\" />\r\n</Cmd>\r\n','2009-07-01 11:45:41'),(199,153,81,5,'','2009-07-01 11:45:42'),(200,154,90,2,'<?xml version=\"1.0\" encoding=\"UTF-8\"?>\r\n<Cmd cmdModelName=\"Maya\">\r\n<Cmdarg argName=\"-s\" value=\"7\" />\r\n<Cmdarg argName=\"-e\" value=\"8\" />\r\n<Cmdarg argName=\"-proj\" value=\"/mnt/rnd/mayaProject\" />\r\n<Cmdarg argName=\"-r\" value=\"file\" />\r\n<Endarg argName=\"\" value=\"/mnt/rnd/mayaProject/scenes/test.mb\" />\r\n<Cmdarg argName=\"-b\" value=\"1\" />\r\n</Cmd>\r\n','2009-07-01 11:59:41'),(201,154,80,2,'0  \'C:/Program\' \n***GOODBYE***\n1  \n','2009-07-01 11:59:41'),(202,154,91,2,'Finish','2009-07-01 11:59:41'),(203,155,90,2,'<?xml version=\"1.0\" encoding=\"UTF-8\"?>\r\n<Cmd cmdModelName=\"Maya\">\r\n<Cmdarg argName=\"-s\" value=\"9\" />\r\n<Cmdarg argName=\"-e\" value=\"10\" />\r\n<Cmdarg argName=\"-proj\" value=\"/mnt/rnd/mayaProject\" />\r\n<Cmdarg argName=\"-r\" value=\"file\" />\r\n<Endarg argName=\"\" value=\"/mnt/rnd/mayaProject/scenes/test.mb\" />\r\n<Cmdarg argName=\"-b\" value=\"1\" />\r\n</Cmd>\r\n','2009-07-01 12:00:01'),(204,155,80,2,'1  \n0  \'C:/Program\' \n***GOODBYE***\n','2009-07-01 12:00:01'),(205,155,91,2,'Finish','2009-07-01 12:00:01'),(206,156,90,2,'<?xml version=\"1.0\" encoding=\"UTF-8\"?>\r\n<Cmd cmdModelName=\"Maya\">\r\n<Cmdarg argName=\"-s\" value=\"1\" />\r\n<Cmdarg argName=\"-e\" value=\"2\" />\r\n<Endarg argName=\"\" value=\"/mnt/rnd/mayaProject/scenes/test.mb\" />\r\n<Cmdarg argName=\"-proj\" value=\"/mnt/rnd/mayaProject\" />\r\n<Cmdarg argName=\"-b\" value=\"1\" />\r\n<Cmdarg argName=\"-r\" value=\"file\" />\r\n</Cmd>\r\n','2009-07-01 12:00:21'),(207,156,80,2,'***GOODBYE***\n0  \'C:/Program\' \n','2009-07-01 12:00:21'),(208,156,91,2,'Finish','2009-07-01 12:00:21'),(209,152,90,2,'<?xml version=\"1.0\" encoding=\"UTF-8\"?>\r\n<Cmd cmdModelName=\"Maya\">\r\n<Cmdarg argName=\"-e\" value=\"4\" />\r\n<Cmdarg argName=\"-s\" value=\"3\" />\r\n<Endarg argName=\"\" value=\"/mnt/rnd/mayaProject/scenes/test.mb\" />\r\n<Cmdarg argName=\"-proj\" value=\"/mnt/rnd/mayaProject\" />\r\n<Cmdarg argName=\"-b\" value=\"1\" />\r\n<Cmdarg argName=\"-r\" value=\"file\" />\r\n</Cmd>\r\n','2009-07-01 12:06:00'),(210,152,80,2,'***GOODBYE***\n','2009-07-01 12:06:01'),(211,152,91,2,'Finish','2009-07-01 12:06:01'),(212,153,90,2,'<?xml version=\"1.0\" encoding=\"UTF-8\"?>\r\n<Cmd cmdModelName=\"Maya\">\r\n<Cmdarg argName=\"-s\" value=\"5\" />\r\n<Cmdarg argName=\"-e\" value=\"6\" />\r\n<Endarg argName=\"\" value=\"/mnt/rnd/mayaProject/scenes/test.mb\" />\r\n<Cmdarg argName=\"-proj\" value=\"/mnt/rnd/mayaProject\" />\r\n<Cmdarg argName=\"-b\" value=\"1\" />\r\n<Cmdarg argName=\"-r\" value=\"file\" />\r\n</Cmd>\r\n','2009-07-01 12:06:21'),(213,153,80,2,'***GOODBYE***\n','2009-07-01 12:06:21'),(214,153,91,2,'Finish','2009-07-01 12:06:21'),(215,157,90,2,'<?xml version=\"1.0\" encoding=\"UTF-8\"?>\r\n<Cmd cmdModelName=\"Maya\">\r\n<Cmdarg argName=\"-e\" value=\"4\" />\r\n<Cmdarg argName=\"-s\" value=\"3\" />\r\n<Cmdarg argName=\"-r\" value=\"file\" />\r\n<Cmdarg argName=\"-proj\" value=\"/mnt/rnd/mayaProject\" />\r\n<Cmdarg argName=\"-b\" value=\"1\" />\r\n<Endarg argName=\"\" value=\"/mnt/rnd/mayaProject/scenes/test.mb\" />\r\n</Cmd>\r\n','2009-07-01 12:06:41'),(216,157,80,2,'0  \'C:/Program\' \n***GOODBYE***\n','2009-07-01 12:06:41'),(217,157,91,2,'Finish','2009-07-01 12:06:41'),(218,158,90,2,'<?xml version=\"1.0\" encoding=\"UTF-8\"?>\r\n<Cmd cmdModelName=\"Maya\">\r\n<Cmdarg argName=\"-e\" value=\"6\" />\r\n<Cmdarg argName=\"-s\" value=\"5\" />\r\n<Cmdarg argName=\"-r\" value=\"file\" />\r\n<Cmdarg argName=\"-proj\" value=\"/mnt/rnd/mayaProject\" />\r\n<Cmdarg argName=\"-b\" value=\"1\" />\r\n<Endarg argName=\"\" value=\"/mnt/rnd/mayaProject/scenes/test.mb\" />\r\n</Cmd>\r\n','2009-07-01 12:40:01'),(219,158,80,2,'0  \'C:/Program\' \n***GOODBYE***\n','2009-07-01 12:40:01'),(220,158,91,2,'Finish','2009-07-01 12:40:01'),(221,159,90,2,'<?xml version=\"1.0\" encoding=\"UTF-8\"?>\r\n<Cmd cmdModelName=\"Maya\">\r\n<Cmdarg argName=\"-e\" value=\"8\" />\r\n<Cmdarg argName=\"-s\" value=\"7\" />\r\n<Cmdarg argName=\"-r\" value=\"file\" />\r\n<Cmdarg argName=\"-proj\" value=\"/mnt/rnd/mayaProject\" />\r\n<Cmdarg argName=\"-b\" value=\"1\" />\r\n<Endarg argName=\"\" value=\"/mnt/rnd/mayaProject/scenes/test.mb\" />\r\n</Cmd>\r\n','2009-07-01 12:45:21'),(222,159,80,2,'***GOODBYE***\n','2009-07-01 12:45:21'),(223,159,91,2,'Finish','2009-07-01 12:45:21'),(224,160,90,2,'<?xml version=\"1.0\" encoding=\"UTF-8\"?>\r\n<Cmd cmdModelName=\"Maya\">\r\n<Cmdarg argName=\"-s\" value=\"9\" />\r\n<Cmdarg argName=\"-e\" value=\"10\" />\r\n<Cmdarg argName=\"-r\" value=\"file\" />\r\n<Cmdarg argName=\"-proj\" value=\"/mnt/rnd/mayaProject\" />\r\n<Cmdarg argName=\"-b\" value=\"1\" />\r\n<Endarg argName=\"\" value=\"/mnt/rnd/mayaProject/scenes/test.mb\" />\r\n</Cmd>\r\n','2009-07-01 12:45:41'),(225,160,80,2,'0  \'C:/Program\' \n***GOODBYE***\n','2009-07-01 12:45:41'),(226,160,91,2,'Finish','2009-07-01 12:45:41'),(227,151,90,2,'<?xml version=\"1.0\" encoding=\"UTF-8\"?>\r\n<Cmd cmdModelName=\"Maya\">\r\n<Cmdarg argName=\"-e\" value=\"2\" />\r\n<Cmdarg argName=\"-s\" value=\"1\" />\r\n<Cmdarg argName=\"-proj\" value=\"/mnt/rnd/mayaProject\" />\r\n<Cmdarg argName=\"-b\" value=\"1\" />\r\n<Cmdarg argName=\"-r\" value=\"file\" />\r\n<Endarg argName=\"\" value=\"/mnt/rnd/mayaProject/scenes/test.mb\" />\r\n</Cmd>\r\n','2009-07-01 12:48:49'),(228,151,80,2,'0  \'C:/Program\' \n***GOODBYE***\n','2009-07-01 12:48:49'),(229,151,91,2,'Finish','2009-07-01 12:48:49'),(230,152,90,2,'<?xml version=\"1.0\" encoding=\"UTF-8\"?>\r\n<Cmd cmdModelName=\"Maya\">\r\n<Cmdarg argName=\"-s\" value=\"3\" />\r\n<Cmdarg argName=\"-e\" value=\"4\" />\r\n<Cmdarg argName=\"-proj\" value=\"/mnt/rnd/mayaProject\" />\r\n<Cmdarg argName=\"-b\" value=\"1\" />\r\n<Cmdarg argName=\"-r\" value=\"file\" />\r\n<Endarg argName=\"\" value=\"/mnt/rnd/mayaProject/scenes/test.mb\" />\r\n</Cmd>\r\n','2009-07-01 12:49:09'),(231,152,80,2,'1  \n0  \'C:/Program\' \n***GOODBYE***\n','2009-07-01 12:49:09'),(232,152,91,2,'Finish','2009-07-01 12:49:09'),(233,153,90,2,'<?xml version=\"1.0\" encoding=\"UTF-8\"?>\r\n<Cmd cmdModelName=\"Maya\">\r\n<Cmdarg argName=\"-s\" value=\"5\" />\r\n<Cmdarg argName=\"-e\" value=\"6\" />\r\n<Cmdarg argName=\"-proj\" value=\"/mnt/rnd/mayaProject\" />\r\n<Cmdarg argName=\"-b\" value=\"1\" />\r\n<Cmdarg argName=\"-r\" value=\"file\" />\r\n<Endarg argName=\"\" value=\"/mnt/rnd/mayaProject/scenes/test.mb\" />\r\n</Cmd>\r\n','2009-07-01 12:49:29'),(234,153,80,2,'***GOODBYE***\n','2009-07-01 12:49:29'),(235,153,91,2,'Finish','2009-07-01 12:49:29'),(236,154,90,2,'<?xml version=\"1.0\" encoding=\"UTF-8\"?>\r\n<Cmd cmdModelName=\"Maya\">\r\n<Cmdarg argName=\"-e\" value=\"8\" />\r\n<Cmdarg argName=\"-s\" value=\"7\" />\r\n<Cmdarg argName=\"-proj\" value=\"/mnt/rnd/mayaProject\" />\r\n<Cmdarg argName=\"-b\" value=\"1\" />\r\n<Cmdarg argName=\"-r\" value=\"file\" />\r\n<Endarg argName=\"\" value=\"/mnt/rnd/mayaProject/scenes/test.mb\" />\r\n</Cmd>\r\n','2009-07-01 12:49:49'),(237,154,80,2,'1  \n***GOODBYE***\n','2009-07-01 12:49:49'),(238,154,91,2,'Finish','2009-07-01 12:49:49'),(239,155,90,2,'<?xml version=\"1.0\" encoding=\"UTF-8\"?>\r\n<Cmd cmdModelName=\"Maya\">\r\n<Cmdarg argName=\"-s\" value=\"9\" />\r\n<Cmdarg argName=\"-e\" value=\"10\" />\r\n<Cmdarg argName=\"-proj\" value=\"/mnt/rnd/mayaProject\" />\r\n<Cmdarg argName=\"-b\" value=\"1\" />\r\n<Cmdarg argName=\"-r\" value=\"file\" />\r\n<Endarg argName=\"\" value=\"/mnt/rnd/mayaProject/scenes/test.mb\" />\r\n</Cmd>\r\n','2009-07-01 12:50:09'),(240,155,80,2,'***GOODBYE***\n','2009-07-01 12:50:09'),(241,155,91,2,'Finish','2009-07-01 12:50:09'),(242,151,90,2,'<?xml version=\"1.0\" encoding=\"UTF-8\"?>\r\n<Cmd cmdModelName=\"Maya\">\r\n<Cmdarg argName=\"-s\" value=\"1\" />\r\n<Cmdarg argName=\"-e\" value=\"2\" />\r\n<Cmdarg argName=\"-r\" value=\"file\" />\r\n<Cmdarg argName=\"-b\" value=\"1\" />\r\n<Cmdarg argName=\"-proj\" value=\"/mnt/rnd/mayaProject\" />\r\n<Endarg argName=\"\" value=\"/mnt/rnd/mayaProject/scenes/test.mb\" />\r\n</Cmd>\r\n','2009-07-01 12:50:29'),(243,151,80,2,'***GOODBYE***\n','2009-07-01 12:50:29'),(244,151,91,2,'Finish','2009-07-01 12:50:30'),(245,156,90,2,'<?xml version=\"1.0\" encoding=\"UTF-8\"?>\r\n<Cmd cmdModelName=\"Maya\">\r\n<Cmdarg argName=\"-e\" value=\"2\" />\r\n<Cmdarg argName=\"-s\" value=\"1\" />\r\n<Cmdarg argName=\"-r\" value=\"file\" />\r\n<Cmdarg argName=\"-b\" value=\"1\" />\r\n<Endarg argName=\"\" value=\"/mnt/rnd/mayaProject/scenes/test.mb\" />\r\n<Cmdarg argName=\"-proj\" value=\"/mnt/rnd/mayaProject\" />\r\n</Cmd>\r\n','2009-07-01 12:52:25'),(246,156,80,2,'0  \'C:/Program\' \n1  \n***GOODBYE***\n','2009-07-01 12:52:25'),(247,156,91,2,'Finish','2009-07-01 12:52:25'),(248,157,90,2,'<?xml version=\"1.0\" encoding=\"UTF-8\"?>\r\n<Cmd cmdModelName=\"Maya\">\r\n<Cmdarg argName=\"-e\" value=\"4\" />\r\n<Cmdarg argName=\"-s\" value=\"3\" />\r\n<Cmdarg argName=\"-r\" value=\"file\" />\r\n<Cmdarg argName=\"-b\" value=\"1\" />\r\n<Endarg argName=\"\" value=\"/mnt/rnd/mayaProject/scenes/test.mb\" />\r\n<Cmdarg argName=\"-proj\" value=\"/mnt/rnd/mayaProject\" />\r\n</Cmd>\r\n','2009-07-01 12:52:45'),(249,157,80,2,'0  \'C:/Program\' \n***GOODBYE***\n','2009-07-01 12:52:45'),(250,157,91,2,'Finish','2009-07-01 12:52:45'),(251,158,90,2,'<?xml version=\"1.0\" encoding=\"UTF-8\"?>\r\n<Cmd cmdModelName=\"Maya\">\r\n<Cmdarg argName=\"-e\" value=\"6\" />\r\n<Cmdarg argName=\"-s\" value=\"5\" />\r\n<Cmdarg argName=\"-r\" value=\"file\" />\r\n<Cmdarg argName=\"-b\" value=\"1\" />\r\n<Endarg argName=\"\" value=\"/mnt/rnd/mayaProject/scenes/test.mb\" />\r\n<Cmdarg argName=\"-proj\" value=\"/mnt/rnd/mayaProject\" />\r\n</Cmd>\r\n','2009-07-01 12:53:05'),(252,158,80,2,'0  \'C:/Program\' \n***GOODBYE***\n','2009-07-01 12:53:05'),(253,158,91,2,'Finish','2009-07-01 12:53:05'),(254,159,90,2,'<?xml version=\"1.0\" encoding=\"UTF-8\"?>\r\n<Cmd cmdModelName=\"Maya\">\r\n<Cmdarg argName=\"-s\" value=\"7\" />\r\n<Cmdarg argName=\"-e\" value=\"8\" />\r\n<Cmdarg argName=\"-r\" value=\"file\" />\r\n<Cmdarg argName=\"-b\" value=\"1\" />\r\n<Endarg argName=\"\" value=\"/mnt/rnd/mayaProject/scenes/test.mb\" />\r\n<Cmdarg argName=\"-proj\" value=\"/mnt/rnd/mayaProject\" />\r\n</Cmd>\r\n','2009-07-01 12:53:25'),(255,159,80,2,'0  \'C:/Program\' \n***GOODBYE***\n','2009-07-01 12:53:26'),(256,159,91,2,'Finish','2009-07-01 12:53:26'),(257,160,90,2,'<?xml version=\"1.0\" encoding=\"UTF-8\"?>\r\n<Cmd cmdModelName=\"Maya\">\r\n<Cmdarg argName=\"-s\" value=\"9\" />\r\n<Cmdarg argName=\"-e\" value=\"10\" />\r\n<Cmdarg argName=\"-r\" value=\"file\" />\r\n<Cmdarg argName=\"-b\" value=\"1\" />\r\n<Endarg argName=\"\" value=\"/mnt/rnd/mayaProject/scenes/test.mb\" />\r\n<Cmdarg argName=\"-proj\" value=\"/mnt/rnd/mayaProject\" />\r\n</Cmd>\r\n','2009-07-01 12:53:45'),(258,160,80,2,'***GOODBYE***\n','2009-07-01 12:53:46'),(259,160,91,2,'Finish','2009-07-01 12:53:46'),(260,156,90,2,'<?xml version=\"1.0\" encoding=\"UTF-8\"?>\r\n<Cmd cmdModelName=\"Maya\">\r\n<Cmdarg argName=\"-s\" value=\"1\" />\r\n<Cmdarg argName=\"-e\" value=\"2\" />\r\n<Cmdarg argName=\"-proj\" value=\"/mnt/rnd/mayaProject\" />\r\n<Cmdarg argName=\"-r\" value=\"file\" />\r\n<Endarg argName=\"\" value=\"/mnt/rnd/mayaProject/scenes/test.mb\" />\r\n<Cmdarg argName=\"-b\" value=\"1\" />\r\n</Cmd>\r\n','2009-07-01 12:56:44'),(261,156,80,2,'0  \n***GOODBYE***\n','2009-07-01 12:56:44'),(262,156,91,2,'Finish','2009-07-01 12:56:44'),(294,160,90,2,'<?xml version=\"1.0\" encoding=\"UTF-8\"?>\r\n<Cmd cmdModelName=\"Maya\">\r\n<Cmdarg argName=\"-e\" value=\"10\" />\r\n<Cmdarg argName=\"-s\" value=\"9\" />\r\n<Endarg argName=\"\" value=\"/mnt/rnd/mayaProject/scenes/test.mb\" />\r\n<Cmdarg argName=\"-b\" value=\"1\" />\r\n<Cmdarg argName=\"-r\" value=\"file\" />\r\n<Cmdarg argName=\"-proj\" value=\"/mnt/rnd/mayaProject\" />\r\n</Cmd>\r\n','2009-07-01 12:57:38'),(295,160,80,2,'0  \n***GOODBYE***\n','2009-07-01 12:57:38'),(296,160,91,2,'Finish','2009-07-01 12:57:38'),(297,157,90,2,'<?xml version=\"1.0\" encoding=\"UTF-8\"?>\r\n<Cmd cmdModelName=\"Maya\">\r\n<Cmdarg argName=\"-e\" value=\"4\" />\r\n<Cmdarg argName=\"-s\" value=\"3\" />\r\n<Endarg argName=\"\" value=\"/mnt/rnd/mayaProject/scenes/test.mb\" />\r\n<Cmdarg argName=\"-b\" value=\"1\" />\r\n<Cmdarg argName=\"-proj\" value=\"/mnt/rnd/mayaProject\" />\r\n<Cmdarg argName=\"-r\" value=\"file\" />\r\n</Cmd>\r\n','2009-07-01 12:57:58'),(298,157,80,2,'0  \n***GOODBYE***\n','2009-07-01 12:57:58'),(299,157,91,2,'Finish','2009-07-01 12:57:58'),(300,158,90,2,'<?xml version=\"1.0\" encoding=\"UTF-8\"?>\r\n<Cmd cmdModelName=\"Maya\">\r\n<Cmdarg argName=\"-e\" value=\"6\" />\r\n<Cmdarg argName=\"-s\" value=\"5\" />\r\n<Endarg argName=\"\" value=\"/mnt/rnd/mayaProject/scenes/test.mb\" />\r\n<Cmdarg argName=\"-b\" value=\"1\" />\r\n<Cmdarg argName=\"-proj\" value=\"/mnt/rnd/mayaProject\" />\r\n<Cmdarg argName=\"-r\" value=\"file\" />\r\n</Cmd>\r\n','2009-07-01 12:58:18'),(301,158,80,2,'0  \n***GOODBYE***\n','2009-07-01 12:58:18'),(302,158,91,2,'Finish','2009-07-01 12:58:18'),(331,159,90,2,'<?xml version=\"1.0\" encoding=\"UTF-8\"?>\r\n<Cmd cmdModelName=\"Maya\">\r\n<Cmdarg argName=\"-e\" value=\"8\" />\r\n<Cmdarg argName=\"-s\" value=\"7\" />\r\n<Endarg argName=\"\" value=\"/mnt/rnd/mayaProject/scenes/test.mb\" />\r\n<Cmdarg argName=\"-r\" value=\"file\" />\r\n<Cmdarg argName=\"-proj\" value=\"/mnt/rnd/mayaProject\" />\r\n<Cmdarg argName=\"-b\" value=\"1\" />\r\n</Cmd>\r\n','2009-07-01 12:59:08'),(332,159,81,2,'0  \n1  Starting \"C:\\Progra~1\\Autodesk\\Maya2008\\bin\\mayabatch.exe\"\n','2009-07-01 12:59:29'),(333,159,90,2,'<?xml version=\"1.0\" encoding=\"UTF-8\"?>\r\n<Cmd cmdModelName=\"Maya\">\r\n<Cmdarg argName=\"-s\" value=\"7\" />\r\n<Cmdarg argName=\"-e\" value=\"8\" />\r\n<Cmdarg argName=\"-proj\" value=\"/mnt/rnd/mayaProject\" />\r\n<Cmdarg argName=\"-b\" value=\"1\" />\r\n<Cmdarg argName=\"-r\" value=\"file\" />\r\n<Endarg argName=\"\" value=\"/mnt/rnd/mayaProject/scenes/test.mb\" />\r\n</Cmd>\r\n','2009-07-01 13:43:01'),(334,159,80,2,'0  \n1  Starting \"C:\\Progra~1\\Autodesk\\Maya2008\\bin\\mayabatch.exe\"\n2  mental ray for Maya 9.0.1 \n3  mental ray: version 3.6.51.0, 4 Dec 2007, revision 23078\n4  Error: File not found.: /mnt/rnd/mayaProject/scenes/test.mb\n5  Error: Cannot load scene \"/mnt/rnd/mayaProject/scenes/test.mb\". Please check the scene name.\n***GOODBYE***\n','2009-07-01 13:43:09'),(335,159,91,2,'Finish','2009-07-01 13:43:09'),(336,124,90,2,'<?xml version=\"1.0\" encoding=\"UTF-8\"?>\r\n<Cmd cmdModelName=\"Maya\">\r\n<Cmdarg argName=\"-e\" value=\"8\" />\r\n<Cmdarg argName=\"-s\" value=\"7\" />\r\n<Cmdarg argName=\"-b\" value=\"1\" />\r\n<Cmdarg argName=\"-proj\" value=\"/mnt/rnd/mayaProject\" />\r\n<Cmdarg argName=\"-r\" value=\"file\" />\r\n<Endarg argName=\"\" value=\"/mnt/rnd/mayaProject/scenes/test.mb\" />\r\n</Cmd>\r\n','2009-07-01 13:50:21'),(337,124,80,2,'0  \n1  Starting \"C:\\Progra~1\\Autodesk\\Maya2008\\bin\\mayabatch.exe\"\n2  mental ray for Maya 9.0.1 \n3  mental ray: version 3.6.51.0, 4 Dec 2007, revision 23078\n4  Error: File not found.: /mnt/rnd/mayaProject/scenes/test.mb\n5  Error: Cannot load scene \"/mnt/rnd/mayaProject/scenes/test.mb\". Please check the scene name.\n6  // Maya exited with status 209\n***GOODBYE***\n','2009-07-01 13:50:30'),(338,124,91,2,'Finish','2009-07-01 13:50:30'),(342,129,90,2,'<?xml version=\"1.0\" encoding=\"UTF-8\"?>\r\n<Cmd cmdModelName=\"Maya\">\r\n<Cmdarg argName=\"-e\" value=\"8\" />\r\n<Cmdarg argName=\"-s\" value=\"7\" />\r\n<Endarg argName=\"\" value=\"/mnt/rnd/mayaProject/scenes/test.mb\" />\r\n<Cmdarg argName=\"-b\" value=\"1\" />\r\n<Cmdarg argName=\"-r\" value=\"file\" />\r\n<Cmdarg argName=\"-proj\" value=\"/mnt/rnd/mayaProject\" />\r\n</Cmd>\r\n','2009-07-01 14:29:57'),(343,129,81,2,'','2009-07-01 14:31:10'),(344,130,90,2,'<?xml version=\"1.0\" encoding=\"UTF-8\"?>\r\n<Cmd cmdModelName=\"Maya\">\r\n<Cmdarg argName=\"-s\" value=\"9\" />\r\n<Cmdarg argName=\"-e\" value=\"10\" />\r\n<Endarg argName=\"\" value=\"/mnt/rnd/mayaProject/scenes/test.mb\" />\r\n<Cmdarg argName=\"-b\" value=\"1\" />\r\n<Cmdarg argName=\"-r\" value=\"file\" />\r\n<Cmdarg argName=\"-proj\" value=\"/mnt/rnd/mayaProject\" />\r\n</Cmd>\r\n','2009-07-01 14:31:17'),(345,130,80,2,'0  \n1  Starting \"C:\\Progra~1\\Autodesk\\Maya2008\\bin\\mayabatch.exe\"\n2  mental ray for Maya 9.0.1 \n3  mental ray: version 3.6.51.0, 4 Dec 2007, revision 23078\n4  Error: File not found.: /mnt/rnd/mayaProject/scenes/test.mb\n5  Error: Cannot load scene \"/mnt/rnd/mayaProject/scenes/test.mb\". Please check the scene name.\n6  // Maya exited with status 209\n***GOODBYE***\n','2009-07-01 14:31:26'),(346,130,91,2,'Finish','2009-07-01 14:31:26'),(347,126,90,2,'<?xml version=\"1.0\" encoding=\"UTF-8\"?>\r\n<Cmd cmdModelName=\"Maya\">\r\n<Cmdarg argName=\"-s\" value=\"1\" />\r\n<Cmdarg argName=\"-e\" value=\"2\" />\r\n<Cmdarg argName=\"-proj\" value=\"/mnt/rnd/mayaProject\" />\r\n<Cmdarg argName=\"-b\" value=\"1\" />\r\n<Endarg argName=\"\" value=\"/mnt/rnd/mayaProject/scenes/test.mb\" />\r\n<Cmdarg argName=\"-r\" value=\"file\" />\r\n</Cmd>\r\n','2009-07-01 14:31:37'),(348,126,80,2,'0  \n1  Starting \"C:\\Progra~1\\Autodesk\\Maya2008\\bin\\mayabatch.exe\"\n2  mental ray for Maya 9.0.1 \n3  mental ray: version 3.6.51.0, 4 Dec 2007, revision 23078\n4  Error: File not found.: /mnt/rnd/mayaProject/scenes/test.mb\n5  Error: Cannot load scene \"/mnt/rnd/mayaProject/scenes/test.mb\". Please check the scene name.\n6  // Maya exited with status 209\n***GOODBYE***\n','2009-07-01 14:31:46'),(349,126,91,2,'Finish','2009-07-01 14:31:46'),(350,127,90,2,'<?xml version=\"1.0\" encoding=\"UTF-8\"?>\r\n<Cmd cmdModelName=\"Maya\">\r\n<Cmdarg argName=\"-e\" value=\"4\" />\r\n<Cmdarg argName=\"-s\" value=\"3\" />\r\n<Cmdarg argName=\"-proj\" value=\"/mnt/rnd/mayaProject\" />\r\n<Cmdarg argName=\"-b\" value=\"1\" />\r\n<Endarg argName=\"\" value=\"/mnt/rnd/mayaProject/scenes/test.mb\" />\r\n<Cmdarg argName=\"-r\" value=\"file\" />\r\n</Cmd>\r\n','2009-07-01 14:31:58'),(351,127,80,2,'0  \n1  Starting \"C:\\Progra~1\\Autodesk\\Maya2008\\bin\\mayabatch.exe\"\n2  mental ray for Maya 9.0.1 \n3  mental ray: version 3.6.51.0, 4 Dec 2007, revision 23078\n4  Error: File not found.: /mnt/rnd/mayaProject/scenes/test.mb\n5  Error: Cannot load scene \"/mnt/rnd/mayaProject/scenes/test.mb\". Please check the scene name.\n6  // Maya exited with status 209\n***GOODBYE***\n','2009-07-01 14:32:06'),(352,127,91,2,'Finish','2009-07-01 14:32:06'),(353,128,90,2,'<?xml version=\"1.0\" encoding=\"UTF-8\"?>\r\n<Cmd cmdModelName=\"Maya\">\r\n<Cmdarg argName=\"-e\" value=\"6\" />\r\n<Cmdarg argName=\"-s\" value=\"5\" />\r\n<Cmdarg argName=\"-proj\" value=\"/mnt/rnd/mayaProject\" />\r\n<Cmdarg argName=\"-b\" value=\"1\" />\r\n<Endarg argName=\"\" value=\"/mnt/rnd/mayaProject/scenes/test.mb\" />\r\n<Cmdarg argName=\"-r\" value=\"file\" />\r\n</Cmd>\r\n','2009-07-01 14:32:18'),(354,128,80,2,'0  \n1  Starting \"C:\\Progra~1\\Autodesk\\Maya2008\\bin\\mayabatch.exe\"\n2  mental ray for Maya 9.0.1 \n3  mental ray: version 3.6.51.0, 4 Dec 2007, revision 23078\n4  Error: File not found.: /mnt/rnd/mayaProject/scenes/test.mb\n5  Error: Cannot load scene \"/mnt/rnd/mayaProject/scenes/test.mb\". Please check the scene name.\n6  // Maya exited with status 209\n***GOODBYE***\n','2009-07-01 14:32:26'),(355,128,91,2,'Finish','2009-07-01 14:32:26'),(356,129,90,2,'<?xml version=\"1.0\" encoding=\"UTF-8\"?>\r\n<Cmd cmdModelName=\"Maya\">\r\n<Cmdarg argName=\"-e\" value=\"8\" />\r\n<Cmdarg argName=\"-s\" value=\"7\" />\r\n<Cmdarg argName=\"-proj\" value=\"/mnt/rnd/mayaProject\" />\r\n<Cmdarg argName=\"-b\" value=\"1\" />\r\n<Endarg argName=\"\" value=\"/mnt/rnd/mayaProject/scenes/test.mb\" />\r\n<Cmdarg argName=\"-r\" value=\"file\" />\r\n</Cmd>\r\n','2009-07-01 14:32:38'),(357,129,80,2,'0  \n1  Starting \"C:\\Progra~1\\Autodesk\\Maya2008\\bin\\mayabatch.exe\"\n2  mental ray for Maya 9.0.1 \n3  mental ray: version 3.6.51.0, 4 Dec 2007, revision 23078\n4  Error: File not found.: /mnt/rnd/mayaProject/scenes/test.mb\n5  Error: Cannot load scene \"/mnt/rnd/mayaProject/scenes/test.mb\". Please check the scene name.\n6  // Maya exited with status 209\n***GOODBYE***\n','2009-07-01 14:32:46'),(358,129,91,2,'Finish','2009-07-01 14:32:46'),(359,156,90,2,'<?xml version=\"1.0\" encoding=\"UTF-8\"?>\r\n<Cmd cmdModelName=\"Maya\">\r\n<Cmdarg argName=\"-s\" value=\"1\" />\r\n<Cmdarg argName=\"-e\" value=\"2\" />\r\n<Cmdarg argName=\"-proj\" value=\"/mnt/rnd/mayaProject\" />\r\n<Cmdarg argName=\"-r\" value=\"file\" />\r\n<Endarg argName=\"\" value=\"/mnt/rnd/mayaProject/scenes/test.mb\" />\r\n<Cmdarg argName=\"-b\" value=\"1\" />\r\n</Cmd>\r\n','2009-07-01 14:38:33'),(360,156,80,2,'0  \n1  Starting \"C:\\Progra~1\\Autodesk\\Maya2008\\bin\\mayabatch.exe\"\n2  mental ray for Maya 9.0.1 \n3  mental ray: version 3.6.51.0, 4 Dec 2007, revision 23078\n4  Error: File not found.: /mnt/rnd/mayaProject/scenes/test.mb\n5  Error: Cannot load scene \"/mnt/rnd/mayaProject/scenes/test.mb\". Please check the scene name.\n6  // Maya exited with status 209\n***GOODBYE***\n','2009-07-01 14:38:41'),(361,156,91,2,'Finish','2009-07-01 14:38:41'),(362,157,90,2,'<?xml version=\"1.0\" encoding=\"UTF-8\"?>\r\n<Cmd cmdModelName=\"Maya\">\r\n<Cmdarg argName=\"-s\" value=\"3\" />\r\n<Cmdarg argName=\"-e\" value=\"4\" />\r\n<Cmdarg argName=\"-proj\" value=\"/mnt/rnd/mayaProject\" />\r\n<Cmdarg argName=\"-r\" value=\"file\" />\r\n<Endarg argName=\"\" value=\"/mnt/rnd/mayaProject/scenes/test.mb\" />\r\n<Cmdarg argName=\"-b\" value=\"1\" />\r\n</Cmd>\r\n','2009-07-01 14:38:53'),(363,157,80,2,'1  Starting \"C:\\Progra~1\\Autodesk\\Maya2008\\bin\\mayabatch.exe\"\n0  \n2  mental ray for Maya 9.0.1 \n3  mental ray: version 3.6.51.0, 4 Dec 2007, revision 23078\n4  Error: File not found.: /mnt/rnd/mayaProject/scenes/test.mb\n5  Error: Cannot load scene \"/mnt/rnd/mayaProject/scenes/test.mb\". Please check the scene name.\n6  // Maya exited with status 209\n***GOODBYE***\n','2009-07-01 14:39:01'),(364,157,91,2,'Finish','2009-07-01 14:39:01'),(365,158,90,2,'<?xml version=\"1.0\" encoding=\"UTF-8\"?>\r\n<Cmd cmdModelName=\"Maya\">\r\n<Cmdarg argName=\"-e\" value=\"6\" />\r\n<Cmdarg argName=\"-s\" value=\"5\" />\r\n<Cmdarg argName=\"-proj\" value=\"/mnt/rnd/mayaProject\" />\r\n<Cmdarg argName=\"-r\" value=\"file\" />\r\n<Endarg argName=\"\" value=\"/mnt/rnd/mayaProject/scenes/test.mb\" />\r\n<Cmdarg argName=\"-b\" value=\"1\" />\r\n</Cmd>\r\n','2009-07-01 14:39:13'),(366,158,80,2,'0  \n1  Starting \"C:\\Progra~1\\Autodesk\\Maya2008\\bin\\mayabatch.exe\"\n2  mental ray for Maya 9.0.1 \n3  mental ray: version 3.6.51.0, 4 Dec 2007, revision 23078\n4  Error: File not found.: /mnt/rnd/mayaProject/scenes/test.mb\n5  Error: Cannot load scene \"/mnt/rnd/mayaProject/scenes/test.mb\". Please check the scene name.\n6  // Maya exited with status 209\n***GOODBYE***\n','2009-07-01 14:39:21'),(367,158,91,2,'Finish','2009-07-01 14:39:21'),(368,159,90,2,'<?xml version=\"1.0\" encoding=\"UTF-8\"?>\r\n<Cmd cmdModelName=\"Maya\">\r\n<Cmdarg argName=\"-e\" value=\"8\" />\r\n<Cmdarg argName=\"-s\" value=\"7\" />\r\n<Cmdarg argName=\"-proj\" value=\"/mnt/rnd/mayaProject\" />\r\n<Cmdarg argName=\"-r\" value=\"file\" />\r\n<Endarg argName=\"\" value=\"/mnt/rnd/mayaProject/scenes/test.mb\" />\r\n<Cmdarg argName=\"-b\" value=\"1\" />\r\n</Cmd>\r\n','2009-07-01 14:39:33'),(369,159,80,2,'1  Starting \"C:\\Progra~1\\Autodesk\\Maya2008\\bin\\mayabatch.exe\"\n0  \n2  mental ray for Maya 9.0.1 \n3  mental ray: version 3.6.51.0, 4 Dec 2007, revision 23078\n4  Error: File not found.: /mnt/rnd/mayaProject/scenes/test.mb\n5  Error: Cannot load scene \"/mnt/rnd/mayaProject/scenes/test.mb\". Please check the scene name.\n6  // Maya exited with status 209\n***GOODBYE***\n','2009-07-01 14:39:41'),(370,159,91,2,'Finish','2009-07-01 14:39:41'),(371,160,90,2,'<?xml version=\"1.0\" encoding=\"UTF-8\"?>\r\n<Cmd cmdModelName=\"Maya\">\r\n<Cmdarg argName=\"-e\" value=\"10\" />\r\n<Cmdarg argName=\"-s\" value=\"9\" />\r\n<Cmdarg argName=\"-proj\" value=\"/mnt/rnd/mayaProject\" />\r\n<Cmdarg argName=\"-r\" value=\"file\" />\r\n<Endarg argName=\"\" value=\"/mnt/rnd/mayaProject/scenes/test.mb\" />\r\n<Cmdarg argName=\"-b\" value=\"1\" />\r\n</Cmd>\r\n','2009-07-01 14:39:53'),(372,160,80,2,'0  \n1  Starting \"C:\\Progra~1\\Autodesk\\Maya2008\\bin\\mayabatch.exe\"\n2  mental ray for Maya 9.0.1 \n3  mental ray: version 3.6.51.0, 4 Dec 2007, revision 23078\n4  Error: File not found.: /mnt/rnd/mayaProject/scenes/test.mb\n5  Error: Cannot load scene \"/mnt/rnd/mayaProject/scenes/test.mb\". Please check the scene name.\n6  // Maya exited with status 209\n***GOODBYE***\n','2009-07-01 14:40:01'),(373,160,91,2,'Finish','2009-07-01 14:40:01'),(374,151,90,2,'<?xml version=\"1.0\" encoding=\"UTF-8\"?>\r\n<Cmd cmdModelName=\"Maya\">\r\n<Cmdarg argName=\"-s\" value=\"1\" />\r\n<Cmdarg argName=\"-e\" value=\"2\" />\r\n<Cmdarg argName=\"-b\" value=\"1\" />\r\n<Cmdarg argName=\"-proj\" value=\"/mnt/rnd/mayaProject\" />\r\n<Endarg argName=\"\" value=\"/mnt/rnd/mayaProject/scenes/test.mb\" />\r\n<Cmdarg argName=\"-r\" value=\"file\" />\r\n</Cmd>\r\n','2009-07-01 14:42:15'),(375,151,80,2,'1  Starting \"C:\\Progra~1\\Autodesk\\Maya2008\\bin\\mayabatch.exe\"\n0  \n2  mental ray for Maya 9.0.1 \n3  mental ray: version 3.6.51.0, 4 Dec 2007, revision 23078\n4  Error: File not found.: /mnt/rnd/mayaProject/scenes/test.mb\n5  Error: Cannot load scene \"/mnt/rnd/mayaProject/scenes/test.mb\". Please check the scene name.\n6  // Maya exited with status 209\n***GOODBYE***\n','2009-07-01 14:42:23'),(376,151,91,2,'Finish','2009-07-01 14:42:23'),(377,152,90,2,'<?xml version=\"1.0\" encoding=\"UTF-8\"?>\r\n<Cmd cmdModelName=\"Maya\">\r\n<Cmdarg argName=\"-s\" value=\"3\" />\r\n<Cmdarg argName=\"-e\" value=\"4\" />\r\n<Cmdarg argName=\"-b\" value=\"1\" />\r\n<Cmdarg argName=\"-proj\" value=\"/mnt/rnd/mayaProject\" />\r\n<Endarg argName=\"\" value=\"/mnt/rnd/mayaProject/scenes/test.mb\" />\r\n<Cmdarg argName=\"-r\" value=\"file\" />\r\n</Cmd>\r\n','2009-07-01 14:42:35'),(378,152,80,2,'1  Starting \"C:\\Progra~1\\Autodesk\\Maya2008\\bin\\mayabatch.exe\"\n0  \n2  mental ray for Maya 9.0.1 \n3  mental ray: version 3.6.51.0, 4 Dec 2007, revision 23078\n4  Error: File not found.: /mnt/rnd/mayaProject/scenes/test.mb\n5  Error: Cannot load scene \"/mnt/rnd/mayaProject/scenes/test.mb\". Please check the scene name.\n6  // Maya exited with status 209\n***GOODBYE***\n','2009-07-01 14:42:43'),(379,152,91,2,'Finish','2009-07-01 14:42:43'),(380,153,90,2,'<?xml version=\"1.0\" encoding=\"UTF-8\"?>\r\n<Cmd cmdModelName=\"Maya\">\r\n<Cmdarg argName=\"-e\" value=\"6\" />\r\n<Cmdarg argName=\"-s\" value=\"5\" />\r\n<Cmdarg argName=\"-b\" value=\"1\" />\r\n<Cmdarg argName=\"-proj\" value=\"/mnt/rnd/mayaProject\" />\r\n<Endarg argName=\"\" value=\"/mnt/rnd/mayaProject/scenes/test.mb\" />\r\n<Cmdarg argName=\"-r\" value=\"file\" />\r\n</Cmd>\r\n','2009-07-01 14:42:55'),(381,153,80,2,'0  \n1  Starting \"C:\\Progra~1\\Autodesk\\Maya2008\\bin\\mayabatch.exe\"\n2  mental ray for Maya 9.0.1 \n3  mental ray: version 3.6.51.0, 4 Dec 2007, revision 23078\n4  Error: File not found.: /mnt/rnd/mayaProject/scenes/test.mb\n5  Error: Cannot load scene \"/mnt/rnd/mayaProject/scenes/test.mb\". Please check the scene name.\n6  // Maya exited with status 209\n***GOODBYE***\n','2009-07-01 14:43:03'),(382,153,91,2,'Finish','2009-07-01 14:43:03'),(383,154,90,2,'<?xml version=\"1.0\" encoding=\"UTF-8\"?>\r\n<Cmd cmdModelName=\"Maya\">\r\n<Cmdarg argName=\"-e\" value=\"8\" />\r\n<Cmdarg argName=\"-s\" value=\"7\" />\r\n<Cmdarg argName=\"-b\" value=\"1\" />\r\n<Cmdarg argName=\"-proj\" value=\"/mnt/rnd/mayaProject\" />\r\n<Endarg argName=\"\" value=\"/mnt/rnd/mayaProject/scenes/test.mb\" />\r\n<Cmdarg argName=\"-r\" value=\"file\" />\r\n</Cmd>\r\n','2009-07-01 14:43:15'),(384,154,80,2,'0  \n1  Starting \"C:\\Progra~1\\Autodesk\\Maya2008\\bin\\mayabatch.exe\"\n2  mental ray for Maya 9.0.1 \n3  mental ray: version 3.6.51.0, 4 Dec 2007, revision 23078\n4  Error: File not found.: /mnt/rnd/mayaProject/scenes/test.mb\n5  Error: Cannot load scene \"/mnt/rnd/mayaProject/scenes/test.mb\". Please check the scene name.\n6  // Maya exited with status 209\n***GOODBYE***\n','2009-07-01 14:43:23'),(385,154,91,2,'Finish','2009-07-01 14:43:23'),(386,155,90,2,'<?xml version=\"1.0\" encoding=\"UTF-8\"?>\r\n<Cmd cmdModelName=\"Maya\">\r\n<Cmdarg argName=\"-s\" value=\"9\" />\r\n<Cmdarg argName=\"-e\" value=\"10\" />\r\n<Cmdarg argName=\"-b\" value=\"1\" />\r\n<Cmdarg argName=\"-proj\" value=\"/mnt/rnd/mayaProject\" />\r\n<Endarg argName=\"\" value=\"/mnt/rnd/mayaProject/scenes/test.mb\" />\r\n<Cmdarg argName=\"-r\" value=\"file\" />\r\n</Cmd>\r\n','2009-07-01 14:43:35'),(387,155,80,2,'0  \n1  Starting \"C:\\Progra~1\\Autodesk\\Maya2008\\bin\\mayabatch.exe\"\n2  mental ray for Maya 9.0.1 \n3  mental ray: version 3.6.51.0, 4 Dec 2007, revision 23078\n4  Error: File not found.: /mnt/rnd/mayaProject/scenes/test.mb\n5  Error: Cannot load scene \"/mnt/rnd/mayaProject/scenes/test.mb\". Please check the scene name.\n6  // Maya exited with status 209\n***GOODBYE***\n','2009-07-01 14:43:43'),(388,155,91,2,'Finish','2009-07-01 14:43:43'),(389,136,90,2,'<?xml version=\"1.0\" encoding=\"UTF-8\"?>\r\n<Cmd cmdModelName=\"Maya\">\r\n<Cmdarg argName=\"-e\" value=\"2\" />\r\n<Cmdarg argName=\"-s\" value=\"1\" />\r\n<Cmdarg argName=\"-b\" value=\"1\" />\r\n<Endarg argName=\"\" value=\"/mnt/rnd/mayaProject/scenes/test.mb\" />\r\n<Cmdarg argName=\"-r\" value=\"file\" />\r\n<Cmdarg argName=\"-proj\" value=\"/mnt/rnd/mayaProject\" />\r\n</Cmd>\r\n','2009-07-01 14:44:52'),(390,136,80,2,'0  \n1  Starting \"C:\\Progra~1\\Autodesk\\Maya2008\\bin\\mayabatch.exe\"\n2  mental ray for Maya 9.0.1 \n3  mental ray: version 3.6.51.0, 4 Dec 2007, revision 23078\n4  Error: File not found.: /mnt/rnd/mayaProject/scenes/test.mb\n5  Error: Cannot load scene \"/mnt/rnd/mayaProject/scenes/test.mb\". Please check the scene name.\n6  // Maya exited with status 209\n***GOODBYE***\n','2009-07-01 14:45:00'),(391,136,91,2,'Finish','2009-07-01 14:45:00'),(392,137,90,2,'<?xml version=\"1.0\" encoding=\"UTF-8\"?>\r\n<Cmd cmdModelName=\"Maya\">\r\n<Cmdarg argName=\"-e\" value=\"4\" />\r\n<Cmdarg argName=\"-s\" value=\"3\" />\r\n<Cmdarg argName=\"-b\" value=\"1\" />\r\n<Endarg argName=\"\" value=\"/mnt/rnd/mayaProject/scenes/test.mb\" />\r\n<Cmdarg argName=\"-r\" value=\"file\" />\r\n<Cmdarg argName=\"-proj\" value=\"/mnt/rnd/mayaProject\" />\r\n</Cmd>\r\n','2009-07-01 14:45:12'),(393,137,80,2,'0  \n1  Starting \"C:\\Progra~1\\Autodesk\\Maya2008\\bin\\mayabatch.exe\"\n2  mental ray for Maya 9.0.1 \n3  mental ray: version 3.6.51.0, 4 Dec 2007, revision 23078\n4  Error: File not found.: /mnt/rnd/mayaProject/scenes/test.mb\n5  Error: Cannot load scene \"/mnt/rnd/mayaProject/scenes/test.mb\". Please check the scene name.\n***GOODBYE***\n','2009-07-01 14:45:20'),(394,137,91,2,'Finish','2009-07-01 14:45:20'),(395,138,90,2,'<?xml version=\"1.0\" encoding=\"UTF-8\"?>\r\n<Cmd cmdModelName=\"Maya\">\r\n<Cmdarg argName=\"-s\" value=\"5\" />\r\n<Cmdarg argName=\"-e\" value=\"6\" />\r\n<Cmdarg argName=\"-b\" value=\"1\" />\r\n<Endarg argName=\"\" value=\"/mnt/rnd/mayaProject/scenes/test.mb\" />\r\n<Cmdarg argName=\"-r\" value=\"file\" />\r\n<Cmdarg argName=\"-proj\" value=\"/mnt/rnd/mayaProject\" />\r\n</Cmd>\r\n','2009-07-01 14:45:32'),(396,138,80,2,'1  Starting \"C:\\Progra~1\\Autodesk\\Maya2008\\bin\\mayabatch.exe\"\n0  \n2  mental ray for Maya 9.0.1 \n3  mental ray: version 3.6.51.0, 4 Dec 2007, revision 23078\n4  Error: File not found.: /mnt/rnd/mayaProject/scenes/test.mb\n5  Error: Cannot load scene \"/mnt/rnd/mayaProject/scenes/test.mb\". Please check the scene name.\n6  // Maya exited with status 209\n***GOODBYE***\n','2009-07-01 14:45:40'),(397,138,91,2,'Finish','2009-07-01 14:45:40'),(398,139,90,2,'<?xml version=\"1.0\" encoding=\"UTF-8\"?>\r\n<Cmd cmdModelName=\"Maya\">\r\n<Cmdarg argName=\"-e\" value=\"8\" />\r\n<Cmdarg argName=\"-s\" value=\"7\" />\r\n<Cmdarg argName=\"-b\" value=\"1\" />\r\n<Endarg argName=\"\" value=\"/mnt/rnd/mayaProject/scenes/test.mb\" />\r\n<Cmdarg argName=\"-r\" value=\"file\" />\r\n<Cmdarg argName=\"-proj\" value=\"/mnt/rnd/mayaProject\" />\r\n</Cmd>\r\n','2009-07-01 14:45:52'),(399,139,80,2,'0  \n1  Starting \"C:\\Progra~1\\Autodesk\\Maya2008\\bin\\mayabatch.exe\"\n2  mental ray for Maya 9.0.1 \n3  mental ray: version 3.6.51.0, 4 Dec 2007, revision 23078\n4  Error: File not found.: /mnt/rnd/mayaProject/scenes/test.mb\n5  Error: Cannot load scene \"/mnt/rnd/mayaProject/scenes/test.mb\". Please check the scene name.\n6  // Maya exited with status 209\n***GOODBYE***\n','2009-07-01 14:46:00'),(400,139,91,2,'Finish','2009-07-01 14:46:00'),(401,140,90,2,'<?xml version=\"1.0\" encoding=\"UTF-8\"?>\r\n<Cmd cmdModelName=\"Maya\">\r\n<Cmdarg argName=\"-e\" value=\"10\" />\r\n<Cmdarg argName=\"-s\" value=\"9\" />\r\n<Cmdarg argName=\"-b\" value=\"1\" />\r\n<Endarg argName=\"\" value=\"/mnt/rnd/mayaProject/scenes/test.mb\" />\r\n<Cmdarg argName=\"-r\" value=\"file\" />\r\n<Cmdarg argName=\"-proj\" value=\"/mnt/rnd/mayaProject\" />\r\n</Cmd>\r\n','2009-07-01 14:46:12'),(402,140,80,2,'0  \n1  Starting \"C:\\Progra~1\\Autodesk\\Maya2008\\bin\\mayabatch.exe\"\n2  mental ray for Maya 9.0.1 \n3  mental ray: version 3.6.51.0, 4 Dec 2007, revision 23078\n4  Error: File not found.: /mnt/rnd/mayaProject/scenes/test.mb\n5  Error: Cannot load scene \"/mnt/rnd/mayaProject/scenes/test.mb\". Please check the scene name.\n6  // Maya exited with status 209\n***GOODBYE***\n','2009-07-01 14:46:21'),(403,140,91,2,'Finish','2009-07-01 14:46:21'),(404,156,90,2,'<?xml version=\"1.0\" encoding=\"UTF-8\"?>\r\n<Cmd cmdModelName=\"Maya\">\r\n<Cmdarg argName=\"-s\" value=\"1\" />\r\n<Cmdarg argName=\"-e\" value=\"2\" />\r\n<Endarg argName=\"\" value=\"/mnt/rnd/mayaProject/scenes/test.mb\" />\r\n<Cmdarg argName=\"-b\" value=\"1\" />\r\n<Cmdarg argName=\"-proj\" value=\"/mnt/rnd/mayaProject\" />\r\n<Cmdarg argName=\"-r\" value=\"file\" />\r\n</Cmd>\r\n','2009-07-01 14:48:49'),(405,156,80,2,'0  \n1  Starting \"C:\\Progra~1\\Autodesk\\Maya2008\\bin\\mayabatch.exe\"\n2  mental ray for Maya 9.0.1 \n3  mental ray: version 3.6.51.0, 4 Dec 2007, revision 23078\n4  Error: File not found.: /mnt/rnd/mayaProject/scenes/test.mb\n5  Error: Cannot load scene \"/mnt/rnd/mayaProject/scenes/test.mb\". Please check the scene name.\n6  // Maya exited with status 209\n***GOODBYE***\n','2009-07-01 14:48:57'),(406,156,91,2,'Finish','2009-07-01 14:48:57'),(407,157,90,2,'<?xml version=\"1.0\" encoding=\"UTF-8\"?>\r\n<Cmd cmdModelName=\"Maya\">\r\n<Cmdarg argName=\"-e\" value=\"4\" />\r\n<Cmdarg argName=\"-s\" value=\"3\" />\r\n<Endarg argName=\"\" value=\"/mnt/rnd/mayaProject/scenes/test.mb\" />\r\n<Cmdarg argName=\"-b\" value=\"1\" />\r\n<Cmdarg argName=\"-proj\" value=\"/mnt/rnd/mayaProject\" />\r\n<Cmdarg argName=\"-r\" value=\"file\" />\r\n</Cmd>\r\n','2009-07-01 14:49:09'),(408,157,80,2,'1  Starting \"C:\\Progra~1\\Autodesk\\Maya2008\\bin\\mayabatch.exe\"\n0  \n2  mental ray for Maya 9.0.1 \n3  mental ray: version 3.6.51.0, 4 Dec 2007, revision 23078\n4  Error: File not found.: /mnt/rnd/mayaProject/scenes/test.mb\n5  Error: Cannot load scene \"/mnt/rnd/mayaProject/scenes/test.mb\". Please check the scene name.\n6  // Maya exited with status 209\n***GOODBYE***\n','2009-07-01 14:49:17'),(409,157,91,2,'Finish','2009-07-01 14:49:17'),(410,158,90,2,'<?xml version=\"1.0\" encoding=\"UTF-8\"?>\r\n<Cmd cmdModelName=\"Maya\">\r\n<Cmdarg argName=\"-s\" value=\"5\" />\r\n<Cmdarg argName=\"-e\" value=\"6\" />\r\n<Endarg argName=\"\" value=\"/mnt/rnd/mayaProject/scenes/test.mb\" />\r\n<Cmdarg argName=\"-b\" value=\"1\" />\r\n<Cmdarg argName=\"-proj\" value=\"/mnt/rnd/mayaProject\" />\r\n<Cmdarg argName=\"-r\" value=\"file\" />\r\n</Cmd>\r\n','2009-07-01 14:49:29'),(411,158,80,2,'0  \n1  Starting \"C:\\Progra~1\\Autodesk\\Maya2008\\bin\\mayabatch.exe\"\n2  mental ray for Maya 9.0.1 \n3  mental ray: version 3.6.51.0, 4 Dec 2007, revision 23078\n4  Error: File not found.: /mnt/rnd/mayaProject/scenes/test.mb\n5  Error: Cannot load scene \"/mnt/rnd/mayaProject/scenes/test.mb\". Please check the scene name.\n6  // Maya exited with status 209\n***GOODBYE***\n','2009-07-01 14:49:37'),(412,158,91,2,'Finish','2009-07-01 14:49:37'),(413,159,90,2,'<?xml version=\"1.0\" encoding=\"UTF-8\"?>\r\n<Cmd cmdModelName=\"Maya\">\r\n<Cmdarg argName=\"-s\" value=\"7\" />\r\n<Cmdarg argName=\"-e\" value=\"8\" />\r\n<Endarg argName=\"\" value=\"/mnt/rnd/mayaProject/scenes/test.mb\" />\r\n<Cmdarg argName=\"-b\" value=\"1\" />\r\n<Cmdarg argName=\"-proj\" value=\"/mnt/rnd/mayaProject\" />\r\n<Cmdarg argName=\"-r\" value=\"file\" />\r\n</Cmd>\r\n','2009-07-01 14:49:49'),(414,159,80,2,'1  Starting \"C:\\Progra~1\\Autodesk\\Maya2008\\bin\\mayabatch.exe\"\n0  \n2  mental ray for Maya 9.0.1 \n3  mental ray: version 3.6.51.0, 4 Dec 2007, revision 23078\n4  Error: File not found.: /mnt/rnd/mayaProject/scenes/test.mb\n5  Error: Cannot load scene \"/mnt/rnd/mayaProject/scenes/test.mb\". Please check the scene name.\n6  // Maya exited with status 209\n***GOODBYE***\n','2009-07-01 14:49:57'),(415,159,91,2,'Finish','2009-07-01 14:49:57'),(416,160,90,2,'<?xml version=\"1.0\" encoding=\"UTF-8\"?>\r\n<Cmd cmdModelName=\"Maya\">\r\n<Cmdarg argName=\"-e\" value=\"10\" />\r\n<Cmdarg argName=\"-s\" value=\"9\" />\r\n<Endarg argName=\"\" value=\"/mnt/rnd/mayaProject/scenes/test.mb\" />\r\n<Cmdarg argName=\"-b\" value=\"1\" />\r\n<Cmdarg argName=\"-proj\" value=\"/mnt/rnd/mayaProject\" />\r\n<Cmdarg argName=\"-r\" value=\"file\" />\r\n</Cmd>\r\n','2009-07-01 14:50:09'),(417,160,80,2,'0  \n1  Starting \"C:\\Progra~1\\Autodesk\\Maya2008\\bin\\mayabatch.exe\"\n2  mental ray for Maya 9.0.1 \n3  mental ray: version 3.6.51.0, 4 Dec 2007, revision 23078\n4  Error: File not found.: /mnt/rnd/mayaProject/scenes/test.mb\n5  Error: Cannot load scene \"/mnt/rnd/mayaProject/scenes/test.mb\". Please check the scene name.\n6  // Maya exited with status 209\n***GOODBYE***\n','2009-07-01 14:50:17'),(418,160,91,2,'Finish','2009-07-01 14:50:17'),(5100,161,90,5,'<?xml version=\"1.0\" encoding=\"UTF-8\"?>\r\n<Cmd cmdModelName=\"Maya\">\r\n<Cmdarg argName=\"-s\" value=\"1\" />\r\n<Cmdarg argName=\"-e\" value=\"2\" />\r\n<Cmdarg argName=\"-r\" value=\"file\" />\r\n<Endarg argName=\"\" value=\"/mnt/rnd/mayaProject/scenes/test.mb\" />\r\n<Cmdarg argName=\"-b\" value=\"1\" />\r\n<Cmdarg argName=\"-proj\" value=\"/mnt/rnd/mayaProject\" />\r\n</Cmd>\r\n','2009-07-01 16:52:11'),(5101,161,80,5,'0  \'C:/Program\' \n1  \n***GOODBYE***\n','2009-07-01 16:52:11'),(5102,161,91,5,'Finish','2009-07-01 16:52:11'),(5104,163,90,2,'<?xml version=\"1.0\" encoding=\"UTF-8\"?>\r\n<Cmd cmdModelName=\"Maya\">\r\n<Cmdarg argName=\"-e\" value=\"6\" />\r\n<Cmdarg argName=\"-s\" value=\"5\" />\r\n<Cmdarg argName=\"-r\" value=\"file\" />\r\n<Endarg argName=\"\" value=\"/mnt/rnd/mayaProject/scenes/test.mb\" />\r\n<Cmdarg argName=\"-b\" value=\"1\" />\r\n<Cmdarg argName=\"-proj\" value=\"/mnt/rnd/mayaProject\" />\r\n</Cmd>\r\n','2009-07-01 16:53:17'),(5105,164,90,5,'<?xml version=\"1.0\" encoding=\"UTF-8\"?>\r\n<Cmd cmdModelName=\"Maya\">\r\n<Cmdarg argName=\"-s\" value=\"7\" />\r\n<Cmdarg argName=\"-e\" value=\"8\" />\r\n<Cmdarg argName=\"-r\" value=\"file\" />\r\n<Endarg argName=\"\" value=\"/mnt/rnd/mayaProject/scenes/test.mb\" />\r\n<Cmdarg argName=\"-b\" value=\"1\" />\r\n<Cmdarg argName=\"-proj\" value=\"/mnt/rnd/mayaProject\" />\r\n</Cmd>\r\n','2009-07-01 16:53:17'),(5106,164,80,5,'0  \'C:/Program\' \n1  \n***GOODBYE***\n','2009-07-01 16:53:17'),(5107,164,91,5,'Finish','2009-07-01 16:53:17'),(5108,163,80,2,'0  \n1  Starting \"C:\\Progra~1\\Autodesk\\Maya2008\\bin\\mayabatch.exe\"\n2  mental ray for Maya 9.0.1 \n3  mental ray: version 3.6.51.0, 4 Dec 2007, revision 23078\n4  Error: File not found.: /mnt/rnd/mayaProject/scenes/test.mb\n5  Error: Cannot load scene \"/mnt/rnd/mayaProject/scenes/test.mb\". Please check the scene name.\n6  // Maya exited with status 209\n***GOODBYE***\n','2009-07-01 16:53:25'),(5109,163,91,2,'Finish','2009-07-01 16:53:25'),(5112,165,90,5,'<?xml version=\"1.0\" encoding=\"UTF-8\"?>\r\n<Cmd cmdModelName=\"Maya\">\r\n<Cmdarg argName=\"-e\" value=\"10\" />\r\n<Cmdarg argName=\"-s\" value=\"9\" />\r\n<Cmdarg argName=\"-b\" value=\"1\" />\r\n<Endarg argName=\"\" value=\"/mnt/rnd/mayaProject/scenes/test.mb\" />\r\n<Cmdarg argName=\"-r\" value=\"file\" />\r\n<Cmdarg argName=\"-proj\" value=\"/mnt/rnd/mayaProject\" />\r\n</Cmd>\r\n','2009-07-01 16:54:13'),(5133,162,90,5,'<?xml version=\"1.0\" encoding=\"UTF-8\"?>\r\n<Cmd cmdModelName=\"Maya\">\r\n<Cmdarg argName=\"-e\" value=\"4\" />\r\n<Cmdarg argName=\"-s\" value=\"3\" />\r\n<Cmdarg argName=\"-r\" value=\"file\" />\r\n<Endarg argName=\"-f\" value=\"/mnt/rnd/mayaProject/scenes/test.mb\" />\r\n<Cmdarg argName=\"-proj\" value=\"/mnt/rnd/mayaProject\" />\r\n<Cmdarg argName=\"-b\" value=\"1\" />\r\n</Cmd>\r\n','2009-07-01 17:04:02'),(5134,162,90,5,'<?xml version=\"1.0\" encoding=\"UTF-8\"?>\r\n<Cmd cmdModelName=\"Maya\">\r\n<Cmdarg argName=\"-e\" value=\"4\" />\r\n<Cmdarg argName=\"-s\" value=\"3\" />\r\n<Endarg argName=\"-f\" value=\"/mnt/rnd/mayaProject/scenes/test.mb\" />\r\n<Cmdarg argName=\"-proj\" value=\"/mnt/rnd/mayaProject\" />\r\n<Cmdarg argName=\"-r\" value=\"file\" />\r\n<Cmdarg argName=\"-b\" value=\"1\" />\r\n</Cmd>\r\n','2009-07-01 17:04:05'),(5135,162,81,5,'1  Starting \"C:\\Progra~1\\Autodesk\\Maya2008\\bin\\mayabatch.exe\"\n0  \n','2009-07-01 17:04:18'),(5136,156,90,2,'<?xml version=\"1.0\" encoding=\"UTF-8\"?>\r\n<Cmd cmdModelName=\"Maya\">\r\n<Cmdarg argName=\"-e\" value=\"2\" />\r\n<Cmdarg argName=\"-s\" value=\"1\" />\r\n<Cmdarg argName=\"-b\" value=\"1\" />\r\n<Cmdarg argName=\"-proj\" value=\"/mnt/rnd/mayaProject\" />\r\n<Endarg argName=\"\" value=\"/mnt/rnd/mayaProject/scenes/test.mb\" />\r\n<Cmdarg argName=\"-r\" value=\"file\" />\r\n</Cmd>\r\n','2009-07-02 10:48:42'),(5137,156,80,2,'0  \n1  Starting \"C:\\Progra~1\\Autodesk\\Maya2008\\bin\\mayabatch.exe\"\n2  mental ray for Maya 9.0.1 \n3  mental ray: version 3.6.51.0, 4 Dec 2007, revision 23078\n4  Error: File not found.: /mnt/rnd/mayaProject/scenes/test.mb\n5  Error: Cannot load scene \"/mnt/rnd/mayaProject/scenes/test.mb\". Please check the scene name.\n6  // Maya exited with status 209\n***GOODBYE***\n','2009-07-02 10:49:15'),(5138,156,91,2,'Finish','2009-07-02 10:49:15'),(5139,157,90,2,'<?xml version=\"1.0\" encoding=\"UTF-8\"?>\r\n<Cmd cmdModelName=\"Maya\">\r\n<Cmdarg argName=\"-s\" value=\"3\" />\r\n<Cmdarg argName=\"-e\" value=\"4\" />\r\n<Cmdarg argName=\"-b\" value=\"1\" />\r\n<Cmdarg argName=\"-proj\" value=\"/mnt/rnd/mayaProject\" />\r\n<Endarg argName=\"\" value=\"/mnt/rnd/mayaProject/scenes/test.mb\" />\r\n<Cmdarg argName=\"-r\" value=\"file\" />\r\n</Cmd>\r\n','2009-07-02 10:49:22'),(5140,157,80,2,'0  \n1  Starting \"C:\\Progra~1\\Autodesk\\Maya2008\\bin\\mayabatch.exe\"\n2  mental ray for Maya 9.0.1 \n3  mental ray: version 3.6.51.0, 4 Dec 2007, revision 23078\n4  Error: File not found.: /mnt/rnd/mayaProject/scenes/test.mb\n5  Error: Cannot load scene \"/mnt/rnd/mayaProject/scenes/test.mb\". Please check the scene name.\n6  // Maya exited with status 209\n***GOODBYE***\n','2009-07-02 10:49:30'),(5141,157,91,2,'Finish','2009-07-02 10:49:30'),(5142,158,90,2,'<?xml version=\"1.0\" encoding=\"UTF-8\"?>\r\n<Cmd cmdModelName=\"Maya\">\r\n<Cmdarg argName=\"-e\" value=\"6\" />\r\n<Cmdarg argName=\"-s\" value=\"5\" />\r\n<Cmdarg argName=\"-b\" value=\"1\" />\r\n<Cmdarg argName=\"-proj\" value=\"/mnt/rnd/mayaProject\" />\r\n<Endarg argName=\"\" value=\"/mnt/rnd/mayaProject/scenes/test.mb\" />\r\n<Cmdarg argName=\"-r\" value=\"file\" />\r\n</Cmd>\r\n','2009-07-02 10:49:42'),(5143,158,80,2,'0  \n1  Starting \"C:\\Progra~1\\Autodesk\\Maya2008\\bin\\mayabatch.exe\"\n2  mental ray for Maya 9.0.1 \n3  mental ray: version 3.6.51.0, 4 Dec 2007, revision 23078\n4  Error: File not found.: /mnt/rnd/mayaProject/scenes/test.mb\n5  Error: Cannot load scene \"/mnt/rnd/mayaProject/scenes/test.mb\". Please check the scene name.\n6  // Maya exited with status 209\n***GOODBYE***\n','2009-07-02 10:49:50'),(5144,158,91,2,'Finish','2009-07-02 10:49:50'),(5145,159,90,2,'<?xml version=\"1.0\" encoding=\"UTF-8\"?>\r\n<Cmd cmdModelName=\"Maya\">\r\n<Cmdarg argName=\"-e\" value=\"8\" />\r\n<Cmdarg argName=\"-s\" value=\"7\" />\r\n<Cmdarg argName=\"-b\" value=\"1\" />\r\n<Cmdarg argName=\"-proj\" value=\"/mnt/rnd/mayaProject\" />\r\n<Endarg argName=\"\" value=\"/mnt/rnd/mayaProject/scenes/test.mb\" />\r\n<Cmdarg argName=\"-r\" value=\"file\" />\r\n</Cmd>\r\n','2009-07-02 10:50:02'),(5146,159,80,2,'0  \n1  Starting \"C:\\Progra~1\\Autodesk\\Maya2008\\bin\\mayabatch.exe\"\n2  mental ray for Maya 9.0.1 \n3  mental ray: version 3.6.51.0, 4 Dec 2007, revision 23078\n4  Error: File not found.: /mnt/rnd/mayaProject/scenes/test.mb\n5  Error: Cannot load scene \"/mnt/rnd/mayaProject/scenes/test.mb\". Please check the scene name.\n***GOODBYE***\n','2009-07-02 10:50:10'),(5147,159,91,2,'Finish','2009-07-02 10:50:10'),(5148,160,90,2,'<?xml version=\"1.0\" encoding=\"UTF-8\"?>\r\n<Cmd cmdModelName=\"Maya\">\r\n<Cmdarg argName=\"-e\" value=\"10\" />\r\n<Cmdarg argName=\"-s\" value=\"9\" />\r\n<Cmdarg argName=\"-b\" value=\"1\" />\r\n<Cmdarg argName=\"-proj\" value=\"/mnt/rnd/mayaProject\" />\r\n<Endarg argName=\"\" value=\"/mnt/rnd/mayaProject/scenes/test.mb\" />\r\n<Cmdarg argName=\"-r\" value=\"file\" />\r\n</Cmd>\r\n','2009-07-02 10:50:22'),(5149,160,80,2,'0  \n1  Starting \"C:\\Progra~1\\Autodesk\\Maya2008\\bin\\mayabatch.exe\"\n2  mental ray for Maya 9.0.1 \n3  mental ray: version 3.6.51.0, 4 Dec 2007, revision 23078\n4  Error: File not found.: /mnt/rnd/mayaProject/scenes/test.mb\n5  Error: Cannot load scene \"/mnt/rnd/mayaProject/scenes/test.mb\". Please check the scene name.\n6  // Maya exited with status 209\n***GOODBYE***\n','2009-07-02 10:50:30'),(5150,160,91,2,'Finish','2009-07-02 10:50:30'),(5151,161,90,2,'<?xml version=\"1.0\" encoding=\"UTF-8\"?>\r\n<Cmd cmdModelName=\"Maya\">\r\n<Cmdarg argName=\"-e\" value=\"2\" />\r\n<Cmdarg argName=\"-s\" value=\"1\" />\r\n<Cmdarg argName=\"-b\" value=\"1\" />\r\n<Cmdarg argName=\"-proj\" value=\"/mnt/rnd/mayaProject\" />\r\n<Cmdarg argName=\"-r\" value=\"file\" />\r\n<Endarg argName=\"\" value=\"/mnt/rnd/mayaProject/scenes/test.mb\" />\r\n</Cmd>\r\n','2009-07-02 11:21:46'),(5152,162,99,4,'SendError: <?xml version=\"1.0\" encoding=\"UTF-8\"?>\r\n<Cmd cmdModelName=\"Maya\">\r\n<Cmdarg argName=\"-s\" value=\"3\" />\r\n<Cmdarg argName=\"-e\" value=\"4\" />\r\n<Cmdarg argName=\"-b\" value=\"1\" />\r\n<Cmdarg argName=\"-proj\" value=\"/mnt/rnd/mayaProject\" />\r\n<Cmdarg argName=\"-r\" value=\"file\" />\r\n<Endarg argName=\"\" value=\"/mnt/rnd/mayaProject/scenes/test.mb\" />\r\n</Cmd>\r\n','2009-07-02 11:21:47'),(5153,161,80,2,'0  \n1  Starting \"C:\\Progra~1\\Autodesk\\Maya2008\\bin\\mayabatch.exe\"\n2  mental ray for Maya 9.0.1 \n3  mental ray: version 3.6.51.0, 4 Dec 2007, revision 23078\n4  Error: File not found.: /mnt/rnd/mayaProject/scenes/test.mb\n5  Error: Cannot load scene \"/mnt/rnd/mayaProject/scenes/test.mb\". Please check the scene name.\n6  // Maya exited with status 209\n***GOODBYE***\n','2009-07-02 11:21:57'),(5154,161,91,2,'Finish','2009-07-02 11:21:57'),(5155,163,90,2,'<?xml version=\"1.0\" encoding=\"UTF-8\"?>\r\n<Cmd cmdModelName=\"Maya\">\r\n<Cmdarg argName=\"-e\" value=\"6\" />\r\n<Cmdarg argName=\"-s\" value=\"5\" />\r\n<Cmdarg argName=\"-b\" value=\"1\" />\r\n<Cmdarg argName=\"-proj\" value=\"/mnt/rnd/mayaProject\" />\r\n<Cmdarg argName=\"-r\" value=\"file\" />\r\n<Endarg argName=\"\" value=\"/mnt/rnd/mayaProject/scenes/test.mb\" />\r\n</Cmd>\r\n','2009-07-02 11:22:07'),(5156,163,80,2,'0  \n1  Starting \"C:\\Progra~1\\Autodesk\\Maya2008\\bin\\mayabatch.exe\"\n2  mental ray for Maya 9.0.1 \n3  mental ray: version 3.6.51.0, 4 Dec 2007, revision 23078\n4  Error: File not found.: /mnt/rnd/mayaProject/scenes/test.mb\n5  Error: Cannot load scene \"/mnt/rnd/mayaProject/scenes/test.mb\". Please check the scene name.\n***GOODBYE***\n','2009-07-02 11:22:15'),(5157,163,91,2,'Finish','2009-07-02 11:22:15'),(5158,164,90,2,'<?xml version=\"1.0\" encoding=\"UTF-8\"?>\r\n<Cmd cmdModelName=\"Maya\">\r\n<Cmdarg argName=\"-s\" value=\"7\" />\r\n<Cmdarg argName=\"-e\" value=\"8\" />\r\n<Cmdarg argName=\"-b\" value=\"1\" />\r\n<Cmdarg argName=\"-proj\" value=\"/mnt/rnd/mayaProject\" />\r\n<Cmdarg argName=\"-r\" value=\"file\" />\r\n<Endarg argName=\"\" value=\"/mnt/rnd/mayaProject/scenes/test.mb\" />\r\n</Cmd>\r\n','2009-07-02 11:22:27'),(5159,164,80,2,'0  \n1  Starting \"C:\\Progra~1\\Autodesk\\Maya2008\\bin\\mayabatch.exe\"\n2  mental ray for Maya 9.0.1 \n3  mental ray: version 3.6.51.0, 4 Dec 2007, revision 23078\n4  Error: File not found.: /mnt/rnd/mayaProject/scenes/test.mb\n5  Error: Cannot load scene \"/mnt/rnd/mayaProject/scenes/test.mb\". Please check the scene name.\n6  // Maya exited with status 209\n***GOODBYE***\n','2009-07-02 11:22:36'),(5160,164,91,2,'Finish','2009-07-02 11:22:36'),(5161,165,90,2,'<?xml version=\"1.0\" encoding=\"UTF-8\"?>\r\n<Cmd cmdModelName=\"Maya\">\r\n<Cmdarg argName=\"-e\" value=\"10\" />\r\n<Cmdarg argName=\"-s\" value=\"9\" />\r\n<Cmdarg argName=\"-b\" value=\"1\" />\r\n<Cmdarg argName=\"-proj\" value=\"/mnt/rnd/mayaProject\" />\r\n<Cmdarg argName=\"-r\" value=\"file\" />\r\n<Endarg argName=\"\" value=\"/mnt/rnd/mayaProject/scenes/test.mb\" />\r\n</Cmd>\r\n','2009-07-02 11:22:47'),(5162,165,80,2,'0  \n1  Starting \"C:\\Progra~1\\Autodesk\\Maya2008\\bin\\mayabatch.exe\"\n2  mental ray for Maya 9.0.1 \n3  mental ray: version 3.6.51.0, 4 Dec 2007, revision 23078\n4  Error: File not found.: /mnt/rnd/mayaProject/scenes/test.mb\n5  Error: Cannot load scene \"/mnt/rnd/mayaProject/scenes/test.mb\". Please check the scene name.\n6  // Maya exited with status 209\n***GOODBYE***\n','2009-07-02 11:22:56'),(5163,165,91,2,'Finish','2009-07-02 11:22:56'),(5164,162,90,2,'<?xml version=\"1.0\" encoding=\"UTF-8\"?>\r\n<Cmd cmdModelName=\"Maya\">\r\n<Cmdarg argName=\"-s\" value=\"3\" />\r\n<Cmdarg argName=\"-e\" value=\"4\" />\r\n<Cmdarg argName=\"-proj\" value=\"/mnt/rnd/mayaProject\" />\r\n<Cmdarg argName=\"-r\" value=\"file\" />\r\n<Endarg argName=\"\" value=\"/mnt/rnd/mayaProject/scenes/test.mb\" />\r\n<Cmdarg argName=\"-b\" value=\"1\" />\r\n</Cmd>\r\n','2009-07-02 11:23:07'),(5165,162,80,2,'0  \n1  Starting \"C:\\Progra~1\\Autodesk\\Maya2008\\bin\\mayabatch.exe\"\n2  mental ray for Maya 9.0.1 \n3  mental ray: version 3.6.51.0, 4 Dec 2007, revision 23078\n4  Error: File not found.: /mnt/rnd/mayaProject/scenes/test.mb\n5  Error: Cannot load scene \"/mnt/rnd/mayaProject/scenes/test.mb\". Please check the scene name.\n6  // Maya exited with status 209\n***GOODBYE***\n','2009-07-02 11:23:16'),(5166,162,91,2,'Finish','2009-07-02 11:23:16'),(5167,166,90,4,'<?xml version=\"1.0\" encoding=\"UTF-8\"?>\r\n<Cmd cmdModelName=\"Maya\">\r\n<Cmdarg argName=\"-s\" value=\"1\" />\r\n<Cmdarg argName=\"-e\" value=\"2\" />\r\n<Cmdarg argName=\"-b\" value=\"1\" />\r\n<Endarg argName=\"-f\" value=\"/mnt/rnd/mayaProject/scenes/test.mb\" />\r\n<Cmdarg argName=\"-r\" value=\"file\" />\r\n<Cmdarg argName=\"-proj\" value=\"/mnt/rnd/mayaProject\" />\r\n</Cmd>\r\n','2009-07-02 15:35:56'),(5168,166,80,4,'1  Starting \"/mnt/data/maya2008-x64/bin/maya\"\n0  \n2  \n3  File read in 0 seconds.\n4  Result: /mnt/rnd/mayaProject/scenes/test.mb\n5  Total Elapsed Time Since Start Of Maya (hh:mm:ss): 00:00:04\n6  ====================================\n20  Rendering using 4 render processes.\n21  A default light has been created, modify defaultRenderGlobals.enableDefaultLight to change this behavior.\n11     6.059 Mb	Peak arena size\n19  ====================================\n9      1089	Page faults\n10    75.886 Mb	Peak total size(Estimated)\n12  ====================================\n13    24.134 Mb	Heap\n16     0.125 Mb	Transforms\n17     0.062 Mb	Arrays\n7  Resource Usage At Start Of Rendering\n18     0.002 Mb	arguments\n8  ====================================\n15     0.332 Mb	Data Blocks\n14     5.469 Mb	MEL\n35  ====================================\n29  ====================================\n32        28	Page faults\n30  Resource Usage At End Of Frame\n34    16.500 Mb	Peak arena size\n31  ====================================\n36    24.418 Mb	Heap\n33    90.461 Mb	Peak total size(Estimated)\n28  Frame triangle count: 12\n26  Rendering current frame.\n27  \n25  \n24  Constructing shading groups\n23  Starting Rendering /mnt/rnd/mayaProject/images/test.1.iff.\n22  Automatic near/far clipping values: 1.77923, 3.68612.\n50  Finished Rendering /mnt/rnd/mayaProject/images/test.1.iff.\n51  \n49  Time For Frame Render (hh:mm:ss): 00:00:00\n54  \n48  Time For Post Process (hh:mm:ss): 00:00:00\n47  Time For Shadow Map   (hh:mm:ss): 00:00:00\n46  Time For Tessellation (hh:mm:ss): 00:00:00\n44  ====================================\n45  Postprocessing rendering result.\n42     0.007 Mb	Render Geometry Arena\n43     0.002 Mb	arguments\n41     0.062 Mb	Arrays\n40     0.125 Mb	Transforms\n39    10.512 Mb	Render Cache\n38     0.332 Mb	Data Blocks\n37     5.469 Mb	MEL\n64  ====================================\n65    90.461 Mb	Peak total size(Estimated)\n66    16.500 Mb	Peak arena size\n67  ====================================\n63  Resource Usage At End Of Frame\n62  ====================================\n61  Frame triangle count: 12\n60  \n59  Rendering current frame.\n58  \n56  Starting Rendering /mnt/rnd/mayaProject/images/test.2.iff.\n57  Constructing shading groups\n55  Automatic near/far clipping values: 1.77923, 3.68612.\n53  \n52  ------------------------------------------------------------\n81  Time For Frame Render (hh:mm:ss): 00:00:00\n80  Time For Post Process (hh:mm:ss): 00:00:00\n79  Time For Shadow Map   (hh:mm:ss): 00:00:00\n78  Time For Tessellation (hh:mm:ss): 00:00:00\n77  Postprocessing rendering result.\n75     0.002 Mb	arguments\n76  ====================================\n74     0.007 Mb	Render Geometry Arena\n72     0.125 Mb	Transforms\n73     0.062 Mb	Arrays\n71     7.008 Mb	Render Cache\n70     0.332 Mb	Data Blocks\n69     5.469 Mb	MEL\n68    34.419 Mb	Heap\n95     0.332 Mb	Data Blocks\n96     7.008 Mb	Render Cache\n93    24.361 Mb	Heap\n94     5.469 Mb	MEL\n92  ====================================\n91    12.996 Mb	Peak arena size\n90    90.461 Mb	Peak total size(Estimated)\n89  ====================================\n88  Resource Usage At End Of Rendering\n87  ====================================\n85  \n86  \n83  \n82  Finished Rendering /mnt/rnd/mayaProject/images/test.2.iff.\n84  ------------------------------------------------------------\n***GOODBYE***\n','2009-07-02 15:36:08'),(5169,166,91,4,'Finish','2009-07-02 15:36:08'),(5170,167,90,4,'<?xml version=\"1.0\" encoding=\"UTF-8\"?>\r\n<Cmd cmdModelName=\"Maya\">\r\n<Cmdarg argName=\"-e\" value=\"4\" />\r\n<Cmdarg argName=\"-s\" value=\"3\" />\r\n<Cmdarg argName=\"-b\" value=\"1\" />\r\n<Endarg argName=\"-f\" value=\"/mnt/rnd/mayaProject/scenes/test.mb\" />\r\n<Cmdarg argName=\"-r\" value=\"file\" />\r\n<Cmdarg argName=\"-proj\" value=\"/mnt/rnd/mayaProject\" />\r\n</Cmd>\r\n','2009-07-02 15:36:16'),(5171,167,80,4,'0  \n1  Starting \"/mnt/data/maya2008-x64/bin/maya\"\n2  \n3  File read in 0 seconds.\n4  Result: /mnt/rnd/mayaProject/scenes/test.mb\n5  Total Elapsed Time Since Start Of Maya (hh:mm:ss): 00:00:03\n8  ====================================\n11  ====================================\n7  Resource Usage At Start Of Rendering\n9    75.885 Mb	Peak total size(Estimated)\n10     6.059 Mb	Peak arena size\n12    24.133 Mb	Heap\n13     5.469 Mb	MEL\n14     0.332 Mb	Data Blocks\n15     0.002 Mb	arguments\n16     0.125 Mb	Transforms\n17     0.062 Mb	Arrays\n19  Rendering using 4 render processes.\n20  A default light has been created, modify defaultRenderGlobals.enableDefaultLight to change this behavior.\n18  ====================================\n6  ====================================\n33  ====================================\n34    24.417 Mb	Heap\n32    27.012 Mb	Peak arena size\n31   101.089 Mb	Peak total size(Estimated)\n30  ====================================\n29  Resource Usage At End Of Frame\n28  ====================================\n27  Frame triangle count: 12\n26  \n24  \n25  Rendering current frame.\n23  Constructing shading groups\n22  Starting Rendering /mnt/rnd/mayaProject/images/test.3.iff.\n21  Automatic near/far clipping values: 1.77923, 3.68612.\n48  Finished Rendering /mnt/rnd/mayaProject/images/test.3.iff.\n46  Time For Post Process (hh:mm:ss): 00:00:00\n47  Time For Frame Render (hh:mm:ss): 00:00:00\n45  Time For Shadow Map   (hh:mm:ss): 00:00:00\n44  Time For Tessellation (hh:mm:ss): 00:00:00\n43  Postprocessing rendering result.\n42  ====================================\n41     7.008 Mb	Render Cache\n40     0.062 Mb	Arrays\n38     0.002 Mb	arguments\n39     0.125 Mb	Transforms\n37     0.007 Mb	Render Geometry Arena\n35     5.469 Mb	MEL\n36     0.332 Mb	Data Blocks\n63   100.328 Mb	Peak total size(Estimated)\n62  ====================================\n61  Resource Usage At End Of Frame\n60  ====================================\n59  Frame triangle count: 12\n58  \n56  \n57  Rendering current frame.\n55  Constructing shading groups\n54  Starting Rendering /mnt/rnd/mayaProject/images/test.4.iff.\n53  Automatic near/far clipping values: 1.77923, 3.68612.\n52  \n51  \n49  \n50  ------------------------------------------------------------\n77  Time For Shadow Map   (hh:mm:ss): 00:00:00\n78  Time For Post Process (hh:mm:ss): 00:00:00\n76  Time For Tessellation (hh:mm:ss): 00:00:00\n74  ====================================\n75  Postprocessing rendering result.\n72     0.062 Mb	Arrays\n73     7.008 Mb	Render Cache\n71     0.125 Mb	Transforms\n70     0.002 Mb	arguments\n69     0.007 Mb	Render Geometry Arena\n68     0.332 Mb	Data Blocks\n67     5.469 Mb	MEL\n66    34.418 Mb	Heap\n65  ====================================\n64    16.500 Mb	Peak arena size\n93     0.332 Mb	Data Blocks\n91    24.360 Mb	Heap\n92     5.469 Mb	MEL\n90  ====================================\n88   100.328 Mb	Peak total size(Estimated)\n89    12.996 Mb	Peak arena size\n87  ====================================\n86  Resource Usage At End Of Rendering\n85  ====================================\n84  \n83  \n82  ------------------------------------------------------------\n81  \n79  Time For Frame Render (hh:mm:ss): 00:00:00\n80  Finished Rendering /mnt/rnd/mayaProject/images/test.4.iff.\n***GOODBYE***\n','2009-07-02 15:36:21'),(5172,167,91,4,'Finish','2009-07-02 15:36:21'),(5173,168,90,4,'<?xml version=\"1.0\" encoding=\"UTF-8\"?>\r\n<Cmd cmdModelName=\"Maya\">\r\n<Cmdarg argName=\"-e\" value=\"6\" />\r\n<Cmdarg argName=\"-s\" value=\"5\" />\r\n<Cmdarg argName=\"-b\" value=\"1\" />\r\n<Endarg argName=\"-f\" value=\"/mnt/rnd/mayaProject/scenes/test.mb\" />\r\n<Cmdarg argName=\"-r\" value=\"file\" />\r\n<Cmdarg argName=\"-proj\" value=\"/mnt/rnd/mayaProject\" />\r\n</Cmd>\r\n','2009-07-02 15:36:36'),(5174,168,80,4,'1  Starting \"/mnt/data/maya2008-x64/bin/maya\"\n0  \n2  \n3  File read in 0 seconds.\n4  Result: /mnt/rnd/mayaProject/scenes/test.mb\n5  Total Elapsed Time Since Start Of Maya (hh:mm:ss): 00:00:04\n6  ====================================\n7  Resource Usage At Start Of Rendering\n8  ====================================\n9    75.885 Mb	Peak total size(Estimated)\n10     6.059 Mb	Peak arena size\n11  ====================================\n12    24.133 Mb	Heap\n13     5.469 Mb	MEL\n14     0.002 Mb	arguments\n15     0.332 Mb	Data Blocks\n16     0.125 Mb	Transforms\n17     0.062 Mb	Arrays\n18  ====================================\n19  Rendering using 4 render processes.\n34    24.417 Mb	Heap\n33  ====================================\n32    30.516 Mb	Peak arena size\n31   104.593 Mb	Peak total size(Estimated)\n30  ====================================\n29  Resource Usage At End Of Frame\n27  Frame triangle count: 12\n26  \n28  ====================================\n24  \n25  Rendering current frame.\n23  Constructing shading groups\n22  Starting Rendering /mnt/rnd/mayaProject/images/test.5.iff.\n20  A default light has been created, modify defaultRenderGlobals.enableDefaultLight to change this behavior.\n21  Automatic near/far clipping values: 1.77923, 3.68612.\n49  \n48  Finished Rendering /mnt/rnd/mayaProject/images/test.5.iff.\n47  Time For Frame Render (hh:mm:ss): 00:00:00\n46  Time For Post Process (hh:mm:ss): 00:00:00\n45  Time For Shadow Map   (hh:mm:ss): 00:00:00\n44  Time For Tessellation (hh:mm:ss): 00:00:00\n43  Postprocessing rendering result.\n41     0.007 Mb	Render Geometry Arena\n42  ====================================\n39     0.125 Mb	Transforms\n40     0.062 Mb	Arrays\n38     0.332 Mb	Data Blocks\n36     0.002 Mb	arguments\n37    10.512 Mb	Render Cache\n35     5.469 Mb	MEL\n64    23.508 Mb	Peak arena size\n63   107.354 Mb	Peak total size(Estimated)\n62  ====================================\n61  Resource Usage At End Of Frame\n60  ====================================\n59  Frame triangle count: 12\n58  \n57  Rendering current frame.\n56  \n55  Constructing shading groups\n53  Automatic near/far clipping values: 1.77923, 3.68612.\n52  \n54  Starting Rendering /mnt/rnd/mayaProject/images/test.6.iff.\n50  ------------------------------------------------------------\n51  \n79  Time For Frame Render (hh:mm:ss): 00:00:00\n78  Time For Post Process (hh:mm:ss): 00:00:00\n77  Time For Shadow Map   (hh:mm:ss): 00:00:00\n76  Time For Tessellation (hh:mm:ss): 00:00:00\n75  Postprocessing rendering result.\n73     0.007 Mb	Render Geometry Arena\n74  ====================================\n72     0.062 Mb	Arrays\n71     0.125 Mb	Transforms\n69     0.332 Mb	Data Blocks\n70     7.008 Mb	Render Cache\n68     0.002 Mb	arguments\n67     5.469 Mb	MEL\n65  ====================================\n66    34.418 Mb	Heap\n94     0.332 Mb	Data Blocks\n93     0.002 Mb	arguments\n92     5.469 Mb	MEL\n91    24.360 Mb	Heap\n90  ====================================\n89    12.996 Mb	Peak arena size\n88   107.354 Mb	Peak total size(Estimated)\n87  ====================================\n86  Resource Usage At End Of Rendering\n85  ====================================\n84  \n83  \n82  ------------------------------------------------------------\n81  \n80  Finished Rendering /mnt/rnd/mayaProject/images/test.6.iff.\n***GOODBYE***\n','2009-07-02 15:36:42'),(5175,168,91,4,'Finish','2009-07-02 15:36:42'),(5176,169,90,4,'<?xml version=\"1.0\" encoding=\"UTF-8\"?>\r\n<Cmd cmdModelName=\"Maya\">\r\n<Cmdarg argName=\"-e\" value=\"8\" />\r\n<Cmdarg argName=\"-s\" value=\"7\" />\r\n<Cmdarg argName=\"-b\" value=\"1\" />\r\n<Endarg argName=\"-f\" value=\"/mnt/rnd/mayaProject/scenes/test.mb\" />\r\n<Cmdarg argName=\"-r\" value=\"file\" />\r\n<Cmdarg argName=\"-proj\" value=\"/mnt/rnd/mayaProject\" />\r\n</Cmd>\r\n','2009-07-02 15:36:56'),(5177,169,80,4,'1  Starting \"/mnt/data/maya2008-x64/bin/maya\"\n0  \n2  \n3  File read in 0 seconds.\n4  Result: /mnt/rnd/mayaProject/scenes/test.mb\n20  A default light has been created, modify defaultRenderGlobals.enableDefaultLight to change this behavior.\n21  Automatic near/far clipping values: 1.77923, 3.68612.\n5  Total Elapsed Time Since Start Of Maya (hh:mm:ss): 00:00:04\n6  ====================================\n8  ====================================\n7  Resource Usage At Start Of Rendering\n9    75.886 Mb	Peak total size(Estimated)\n11  ====================================\n10     6.059 Mb	Peak arena size\n12    24.130 Mb	Heap\n13     5.469 Mb	MEL\n14     0.332 Mb	Data Blocks\n15     0.125 Mb	Transforms\n16     0.002 Mb	arguments\n17     0.062 Mb	Arrays\n18  ====================================\n19  Rendering using 4 render processes.\n27  Frame triangle count: 12\n28  ====================================\n29  Resource Usage At End Of Frame\n30  ====================================\n31    93.980 Mb	Peak total size(Estimated)\n32    20.004 Mb	Peak arena size\n33  ====================================\n34    24.390 Mb	Heap\n35     5.469 Mb	MEL\n36     7.008 Mb	Render Cache\n26  \n24  \n25  Rendering current frame.\n23  Constructing shading groups\n22  Starting Rendering /mnt/rnd/mayaProject/images/test.7.iff.\n50  ------------------------------------------------------------\n49  \n48  Finished Rendering /mnt/rnd/mayaProject/images/test.7.iff.\n47  Time For Frame Render (hh:mm:ss): 00:00:00\n46  Time For Post Process (hh:mm:ss): 00:00:00\n44  Time For Tessellation (hh:mm:ss): 00:00:00\n45  Time For Shadow Map   (hh:mm:ss): 00:00:00\n43  Postprocessing rendering result.\n41     0.007 Mb	Render Geometry Arena\n42  ====================================\n38     0.125 Mb	Transforms\n40     0.062 Mb	Arrays\n37     0.332 Mb	Data Blocks\n39     0.002 Mb	arguments\n65  ====================================\n64    16.500 Mb	Peak arena size\n63   100.315 Mb	Peak total size(Estimated)\n62  ====================================\n61  Resource Usage At End Of Frame\n60  ====================================\n59  Frame triangle count: 12\n58  \n57  Rendering current frame.\n56  \n55  Constructing shading groups\n54  Starting Rendering /mnt/rnd/mayaProject/images/test.8.iff.\n53  Automatic near/far clipping values: 1.77923, 3.68612.\n51  \n52  \n80  Finished Rendering /mnt/rnd/mayaProject/images/test.8.iff.\n77  Time For Shadow Map   (hh:mm:ss): 00:00:00\n79  Time For Frame Render (hh:mm:ss): 00:00:00\n76  Time For Tessellation (hh:mm:ss): 00:00:00\n78  Time For Post Process (hh:mm:ss): 00:00:00\n74  ====================================\n75  Postprocessing rendering result.\n72     0.062 Mb	Arrays\n73     0.007 Mb	Render Geometry Arena\n70     0.125 Mb	Transforms\n71     0.002 Mb	arguments\n69     0.332 Mb	Data Blocks\n67     5.469 Mb	MEL\n68     7.008 Mb	Render Cache\n66    34.391 Mb	Heap\n95     0.125 Mb	Transforms\n94     0.332 Mb	Data Blocks\n93     7.008 Mb	Render Cache\n92     5.469 Mb	MEL\n90  ====================================\n91    24.333 Mb	Heap\n89    12.996 Mb	Peak arena size\n88   100.315 Mb	Peak total size(Estimated)\n86  Resource Usage At End Of Rendering\n87  ====================================\n85  ====================================\n84  \n83  \n82  ------------------------------------------------------------\n81  \n***GOODBYE***\n','2009-07-02 15:37:01'),(5178,169,91,4,'Finish','2009-07-02 15:37:02'),(5182,166,90,4,'<?xml version=\"1.0\" encoding=\"UTF-8\"?>\r\n<Cmd cmdModelName=\"Maya\">\r\n<Cmdarg argName=\"-s\" value=\"1\" />\r\n<Cmdarg argName=\"-e\" value=\"2\" />\r\n<Cmdarg argName=\"-proj\" value=\"/mnt/rnd/mayaProject\" />\r\n<Cmdarg argName=\"-b\" value=\"1\" />\r\n<Endarg argName=\"-f\" value=\"/mnt/rnd/mayaProject/scenes/test.mb\" />\r\n<Cmdarg argName=\"-r\" value=\"file\" />\r\n</Cmd>\r\n','2009-07-02 15:42:11'),(5183,166,80,4,'0  \n1  Starting \"/mnt/data/maya2008-x64/bin/maya\"\n2  \n3  File read in 0 seconds.\n4  Result: /mnt/rnd/mayaProject/scenes/test.mb\n20  A default light has been created, modify defaultRenderGlobals.enableDefaultLight to change this behavior.\n19  Rendering using 4 render processes.\n18  ====================================\n5  Total Elapsed Time Since Start Of Maya (hh:mm:ss): 00:00:04\n6  ====================================\n7  Resource Usage At Start Of Rendering\n8  ====================================\n9    75.886 Mb	Peak total size(Estimated)\n10     6.059 Mb	Peak arena size\n11  ====================================\n12    24.132 Mb	Heap\n13     5.469 Mb	MEL\n14     0.332 Mb	Data Blocks\n15     0.002 Mb	arguments\n16     0.125 Mb	Transforms\n17     0.062 Mb	Arrays\n26  \n25  Rendering current frame.\n24  \n23  Constructing shading groups\n22  Starting Rendering /mnt/rnd/mayaProject/images/test.1.iff.\n21  Automatic near/far clipping values: 1.77923, 3.68612.\n28  ====================================\n27  Frame triangle count: 12\n29  Resource Usage At End Of Frame\n30  ====================================\n41     0.062 Mb	Arrays\n45  Time For Shadow Map   (hh:mm:ss): 00:00:00\n46  Time For Post Process (hh:mm:ss): 00:00:00\n42  ====================================\n44  Time For Tessellation (hh:mm:ss): 00:00:00\n33  ====================================\n32    27.012 Mb	Peak arena size\n34    24.416 Mb	Heap\n35     5.469 Mb	MEL\n36     0.332 Mb	Data Blocks\n37     0.002 Mb	arguments\n38     7.008 Mb	Render Cache\n39     0.007 Mb	Render Geometry Arena\n31   101.089 Mb	Peak total size(Estimated)\n40     0.125 Mb	Transforms\n43  Postprocessing rendering result.\n61  Resource Usage At End Of Frame\n60  ====================================\n58  \n59  Frame triangle count: 12\n57  Rendering current frame.\n56  \n54  Starting Rendering /mnt/rnd/mayaProject/images/test.2.iff.\n53  Automatic near/far clipping values: 1.77923, 3.68612.\n55  Constructing shading groups\n52  \n51  \n50  ------------------------------------------------------------\n49  \n75  Postprocessing rendering result.\n48  Finished Rendering /mnt/rnd/mayaProject/images/test.1.iff.\n47  Time For Frame Render (hh:mm:ss): 00:00:00\n77  Time For Shadow Map   (hh:mm:ss): 00:00:00\n76  Time For Tessellation (hh:mm:ss): 00:00:00\n74  ====================================\n73     7.008 Mb	Render Cache\n71     0.125 Mb	Transforms\n72     0.062 Mb	Arrays\n69     0.002 Mb	arguments\n70     0.007 Mb	Render Geometry Arena\n68     0.332 Mb	Data Blocks\n67     5.469 Mb	MEL\n66    34.417 Mb	Heap\n65  ====================================\n64    30.516 Mb	Peak arena size\n63   114.463 Mb	Peak total size(Estimated)\n62  ====================================\n92     5.469 Mb	MEL\n90  ====================================\n91    24.359 Mb	Heap\n89    12.996 Mb	Peak arena size\n87  ====================================\n88   114.463 Mb	Peak total size(Estimated)\n86  Resource Usage At End Of Rendering\n85  ====================================\n84  \n83  \n82  ------------------------------------------------------------\n81  \n80  Finished Rendering /mnt/rnd/mayaProject/images/test.2.iff.\n79  Time For Frame Render (hh:mm:ss): 00:00:00\n78  Time For Post Process (hh:mm:ss): 00:00:00\n***GOODBYE***\n','2009-07-02 15:42:16'),(5184,166,91,4,'Finish','2009-07-02 15:42:16'),(5185,167,90,4,'<?xml version=\"1.0\" encoding=\"UTF-8\"?>\r\n<Cmd cmdModelName=\"Maya\">\r\n<Cmdarg argName=\"-e\" value=\"4\" />\r\n<Cmdarg argName=\"-s\" value=\"3\" />\r\n<Cmdarg argName=\"-proj\" value=\"/mnt/rnd/mayaProject\" />\r\n<Cmdarg argName=\"-b\" value=\"1\" />\r\n<Endarg argName=\"-f\" value=\"/mnt/rnd/mayaProject/scenes/test.mb\" />\r\n<Cmdarg argName=\"-r\" value=\"file\" />\r\n</Cmd>\r\n','2009-07-02 15:42:31'),(5186,167,80,4,'1  Starting \"/mnt/data/maya2008-x64/bin/maya\"\n0  \n2  \n3  File read in 0 seconds.\n4  Result: /mnt/rnd/mayaProject/scenes/test.mb\n19  Rendering using 4 render processes.\n21  Automatic near/far clipping values: 1.77923, 3.68612.\n22  Starting Rendering /mnt/rnd/mayaProject/images/test.3.iff.\n23  Constructing shading groups\n5  Total Elapsed Time Since Start Of Maya (hh:mm:ss): 00:00:04\n18  ====================================\n6  ====================================\n7  Resource Usage At Start Of Rendering\n9    75.885 Mb	Peak total size(Estimated)\n10     6.059 Mb	Peak arena size\n8  ====================================\n11  ====================================\n12    24.132 Mb	Heap\n13     5.469 Mb	MEL\n14     0.002 Mb	arguments\n15     0.332 Mb	Data Blocks\n16     0.125 Mb	Transforms\n17     0.062 Mb	Arrays\n37     0.332 Mb	Data Blocks\n35     5.469 Mb	MEL\n36     0.002 Mb	arguments\n33  ====================================\n34    24.416 Mb	Heap\n32    16.500 Mb	Peak arena size\n31    90.192 Mb	Peak total size(Estimated)\n30  ====================================\n29  Resource Usage At End Of Frame\n28  ====================================\n27  Frame triangle count: 12\n26  \n25  Rendering current frame.\n20  A default light has been created, modify defaultRenderGlobals.enableDefaultLight to change this behavior.\n24  \n52  \n51  \n50  ------------------------------------------------------------\n49  \n48  Finished Rendering /mnt/rnd/mayaProject/images/test.3.iff.\n47  Time For Frame Render (hh:mm:ss): 00:00:00\n45  Time For Shadow Map   (hh:mm:ss): 00:00:00\n46  Time For Post Process (hh:mm:ss): 00:00:00\n44  Time For Tessellation (hh:mm:ss): 00:00:00\n43  Postprocessing rendering result.\n42  ====================================\n41     0.062 Mb	Arrays\n40     0.007 Mb	Render Geometry Arena\n39     0.125 Mb	Transforms\n38     7.008 Mb	Render Cache\n67     5.469 Mb	MEL\n66    34.417 Mb	Heap\n64    16.500 Mb	Peak arena size\n65  ====================================\n63   100.066 Mb	Peak total size(Estimated)\n62  ====================================\n61  Resource Usage At End Of Frame\n59  Frame triangle count: 12\n60  ====================================\n58  \n57  Rendering current frame.\n56  \n55  Constructing shading groups\n54  Starting Rendering /mnt/rnd/mayaProject/images/test.4.iff.\n53  Automatic near/far clipping values: 1.77923, 3.68612.\n82  ------------------------------------------------------------\n81  \n80  Finished Rendering /mnt/rnd/mayaProject/images/test.4.iff.\n79  Time For Frame Render (hh:mm:ss): 00:00:00\n77  Time For Shadow Map   (hh:mm:ss): 00:00:00\n78  Time For Post Process (hh:mm:ss): 00:00:00\n76  Time For Tessellation (hh:mm:ss): 00:00:00\n74  ====================================\n75  Postprocessing rendering result.\n73     7.008 Mb	Render Cache\n72     0.007 Mb	Render Geometry Arena\n69     0.332 Mb	Data Blocks\n71     0.062 Mb	Arrays\n68     0.002 Mb	arguments\n70     0.125 Mb	Transforms\n97     7.008 Mb	Render Cache\n96     0.062 Mb	Arrays\n95     0.125 Mb	Transforms\n93     0.002 Mb	arguments\n94     0.332 Mb	Data Blocks\n91    24.360 Mb	Heap\n92     5.469 Mb	MEL\n90  ====================================\n89    12.996 Mb	Peak arena size\n88   100.066 Mb	Peak total size(Estimated)\n87  ====================================\n86  Resource Usage At End Of Rendering\n85  ====================================\n84  \n83  \n***GOODBYE***\n','2009-07-02 15:42:36'),(5187,167,91,4,'Finish','2009-07-02 15:42:37'),(5188,168,90,4,'<?xml version=\"1.0\" encoding=\"UTF-8\"?>\r\n<Cmd cmdModelName=\"Maya\">\r\n<Cmdarg argName=\"-s\" value=\"5\" />\r\n<Cmdarg argName=\"-e\" value=\"6\" />\r\n<Cmdarg argName=\"-proj\" value=\"/mnt/rnd/mayaProject\" />\r\n<Cmdarg argName=\"-b\" value=\"1\" />\r\n<Endarg argName=\"-f\" value=\"/mnt/rnd/mayaProject/scenes/test.mb\" />\r\n<Cmdarg argName=\"-r\" value=\"file\" />\r\n</Cmd>\r\n','2009-07-02 15:42:51'),(5189,168,80,4,'0  \n1  Starting \"/mnt/data/maya2008-x64/bin/maya\"\n2  \n3  File read in 0 seconds.\n4  Result: /mnt/rnd/mayaProject/scenes/test.mb\n19  Rendering using 4 render processes.\n6  ====================================\n5  Total Elapsed Time Since Start Of Maya (hh:mm:ss): 00:00:04\n7  Resource Usage At Start Of Rendering\n9    75.885 Mb	Peak total size(Estimated)\n8  ====================================\n10     6.059 Mb	Peak arena size\n12    24.132 Mb	Heap\n13     5.469 Mb	MEL\n11  ====================================\n14     0.332 Mb	Data Blocks\n15     0.125 Mb	Transforms\n16     0.002 Mb	arguments\n17     0.062 Mb	Arrays\n18  ====================================\n26  \n25  Rendering current frame.\n23  Constructing shading groups\n24  \n21  Automatic near/far clipping values: 1.77923, 3.68612.\n22  Starting Rendering /mnt/rnd/mayaProject/images/test.5.iff.\n20  A default light has been created, modify defaultRenderGlobals.enableDefaultLight to change this behavior.\n42  ====================================\n43  Postprocessing rendering result.\n44  Time For Tessellation (hh:mm:ss): 00:00:00\n34    24.379 Mb	Heap\n33  ====================================\n36     0.332 Mb	Data Blocks\n35     5.469 Mb	MEL\n38     0.125 Mb	Transforms\n37     7.008 Mb	Render Cache\n40     0.007 Mb	Render Geometry Arena\n39     0.002 Mb	arguments\n32    12.996 Mb	Peak arena size\n41     0.062 Mb	Arrays\n27  Frame triangle count: 12\n28  ====================================\n29  Resource Usage At End Of Frame\n30  ====================================\n31    86.725 Mb	Peak total size(Estimated)\n59  Frame triangle count: 12\n58  \n57  Rendering current frame.\n56  \n55  Constructing shading groups\n53  Automatic near/far clipping values: 1.77923, 3.68612.\n54  Starting Rendering /mnt/rnd/mayaProject/images/test.6.iff.\n52  \n51  \n50  ------------------------------------------------------------\n49  \n48  Finished Rendering /mnt/rnd/mayaProject/images/test.5.iff.\n46  Time For Post Process (hh:mm:ss): 00:00:00\n47  Time For Frame Render (hh:mm:ss): 00:00:00\n45  Time For Shadow Map   (hh:mm:ss): 00:00:00\n73     0.062 Mb	Arrays\n72     0.007 Mb	Render Geometry Arena\n71     0.002 Mb	arguments\n69     7.008 Mb	Render Cache\n70     0.125 Mb	Transforms\n67     5.469 Mb	MEL\n68     0.332 Mb	Data Blocks\n66    34.379 Mb	Heap\n65  ====================================\n64    12.996 Mb	Peak arena size\n63    86.725 Mb	Peak total size(Estimated)\n62  ====================================\n61  Resource Usage At End Of Frame\n60  ====================================\n86  Resource Usage At End Of Rendering\n87  ====================================\n85  ====================================\n84  \n83  \n81  \n82  ------------------------------------------------------------\n80  Finished Rendering /mnt/rnd/mayaProject/images/test.6.iff.\n79  Time For Frame Render (hh:mm:ss): 00:00:00\n78  Time For Post Process (hh:mm:ss): 00:00:00\n76  Time For Tessellation (hh:mm:ss): 00:00:00\n77  Time For Shadow Map   (hh:mm:ss): 00:00:00\n74  ====================================\n75  Postprocessing rendering result.\n101  Scene /mnt/rnd/mayaProject/scenes/test.mb completed.\n100  Total Elapsed Time For Maya (hh:mm:ss): 00:00:04\n97     0.062 Mb	Arrays\n99  Total Time For Render (hh:mm:ss): 00:00:00\n96     0.002 Mb	arguments\n98  ====================================\n94     7.008 Mb	Render Cache\n95     0.125 Mb	Transforms\n93     0.332 Mb	Data Blocks\n92     5.469 Mb	MEL\n89    12.996 Mb	Peak arena size\n91    24.322 Mb	Heap\n88    86.725 Mb	Peak total size(Estimated)\n90  ====================================\n***GOODBYE***\n','2009-07-02 15:42:56'),(5190,168,91,4,'Finish','2009-07-02 15:42:56'),(5191,169,90,4,'<?xml version=\"1.0\" encoding=\"UTF-8\"?>\r\n<Cmd cmdModelName=\"Maya\">\r\n<Cmdarg argName=\"-e\" value=\"8\" />\r\n<Cmdarg argName=\"-s\" value=\"7\" />\r\n<Cmdarg argName=\"-proj\" value=\"/mnt/rnd/mayaProject\" />\r\n<Cmdarg argName=\"-b\" value=\"1\" />\r\n<Endarg argName=\"-f\" value=\"/mnt/rnd/mayaProject/scenes/test.mb\" />\r\n<Cmdarg argName=\"-r\" value=\"file\" />\r\n</Cmd>\r\n','2009-07-02 15:43:11'),(5192,169,80,4,'1  Starting \"/mnt/data/maya2008-x64/bin/maya\"\n0  \n2  \n3  File read in 0 seconds.\n4  Result: /mnt/rnd/mayaProject/scenes/test.mb\n14     0.332 Mb	Data Blocks\n13     5.469 Mb	MEL\n12    24.133 Mb	Heap\n16     0.062 Mb	Arrays\n17     0.002 Mb	arguments\n15     0.125 Mb	Transforms\n26  \n19  Rendering using 4 render processes.\n18  ====================================\n5  Total Elapsed Time Since Start Of Maya (hh:mm:ss): 00:00:04\n6  ====================================\n7  Resource Usage At Start Of Rendering\n8  ====================================\n9    75.885 Mb	Peak total size(Estimated)\n11  ====================================\n10     6.059 Mb	Peak arena size\n25  Rendering current frame.\n23  Constructing shading groups\n22  Starting Rendering /mnt/rnd/mayaProject/images/test.7.iff.\n24  \n20  A default light has been created, modify defaultRenderGlobals.enableDefaultLight to change this behavior.\n21  Automatic near/far clipping values: 1.77923, 3.68612.\n28  ====================================\n27  Frame triangle count: 12\n29  Resource Usage At End Of Frame\n30  ====================================\n31   104.501 Mb	Peak total size(Estimated)\n32    30.516 Mb	Peak arena size\n33  ====================================\n34    24.379 Mb	Heap\n35     5.469 Mb	MEL\n36     0.332 Mb	Data Blocks\n39     0.062 Mb	Arrays\n38     0.125 Mb	Transforms\n40     0.002 Mb	arguments\n41     0.007 Mb	Render Geometry Arena\n42  ====================================\n37    10.512 Mb	Render Cache\n56  \n55  Constructing shading groups\n54  Starting Rendering /mnt/rnd/mayaProject/images/test.8.iff.\n53  Automatic near/far clipping values: 1.77923, 3.68612.\n52  \n51  \n49  \n50  ------------------------------------------------------------\n48  Finished Rendering /mnt/rnd/mayaProject/images/test.7.iff.\n47  Time For Frame Render (hh:mm:ss): 00:00:00\n46  Time For Post Process (hh:mm:ss): 00:00:00\n45  Time For Shadow Map   (hh:mm:ss): 00:00:00\n44  Time For Tessellation (hh:mm:ss): 00:00:00\n43  Postprocessing rendering result.\n71     7.008 Mb	Render Cache\n70     0.062 Mb	Arrays\n68     0.332 Mb	Data Blocks\n69     0.125 Mb	Transforms\n67     5.469 Mb	MEL\n66    34.380 Mb	Heap\n65  ====================================\n63   114.508 Mb	Peak total size(Estimated)\n64    30.516 Mb	Peak arena size\n61  Resource Usage At End Of Frame\n62  ====================================\n60  ====================================\n59  Frame triangle count: 12\n57  Rendering current frame.\n58  \n85  ====================================\n84  \n81  \n83  \n79  Time For Frame Render (hh:mm:ss): 00:00:00\n82  ------------------------------------------------------------\n78  Time For Post Process (hh:mm:ss): 00:00:00\n80  Finished Rendering /mnt/rnd/mayaProject/images/test.8.iff.\n76  Time For Tessellation (hh:mm:ss): 00:00:00\n77  Time For Shadow Map   (hh:mm:ss): 00:00:00\n74  ====================================\n75  Postprocessing rendering result.\n73     0.007 Mb	Render Geometry Arena\n72     0.002 Mb	arguments\n99  Total Time For Render (hh:mm:ss): 00:00:00\n100  Total Elapsed Time For Maya (hh:mm:ss): 00:00:04\n97     0.002 Mb	arguments\n98  ====================================\n96     7.008 Mb	Render Cache\n95     0.062 Mb	Arrays\n94     0.125 Mb	Transforms\n93     0.332 Mb	Data Blocks\n92     5.469 Mb	MEL\n91    24.322 Mb	Heap\n90  ====================================\n89    12.996 Mb	Peak arena size\n88   114.508 Mb	Peak total size(Estimated)\n86  Resource Usage At End Of Rendering\n87  ====================================\n***GOODBYE***\n','2009-07-02 15:43:16'),(5193,169,91,4,'Finish','2009-07-02 15:43:16'),(5197,166,90,4,'<?xml version=\"1.0\" encoding=\"UTF-8\"?>\r\n<Cmd cmdModelName=\"Maya\">\r\n<Cmdarg argName=\"-s\" value=\"1\" />\r\n<Cmdarg argName=\"-e\" value=\"2\" />\r\n<Cmdarg argName=\"-proj\" value=\"/mnt/rnd/mayaProject\" />\r\n<Endarg argName=\"-f\" value=\"/mnt/rnd/mayaProject/scenes/test.mb\" />\r\n<Cmdarg argName=\"-r\" value=\"file\" />\r\n<Cmdarg argName=\"-b\" value=\"1\" />\r\n</Cmd>\r\n','2009-07-02 15:47:37'),(5198,166,80,4,'0  \n1  Starting \"/mnt/data/maya2008-x64/bin/maya\"\n2  \n3  File read in 0 seconds.\n4  Result: /mnt/rnd/mayaProject/scenes/test.mb\n6  ====================================\n5  Total Elapsed Time Since Start Of Maya (hh:mm:ss): 00:00:04\n21  Automatic near/far clipping values: 1.77923, 3.68612.\n9    75.886 Mb	Peak total size(Estimated)\n10     6.059 Mb	Peak arena size\n8  ====================================\n11  ====================================\n13     5.469 Mb	MEL\n12    24.131 Mb	Heap\n14     0.332 Mb	Data Blocks\n15     0.125 Mb	Transforms\n16     0.002 Mb	arguments\n17     0.062 Mb	Arrays\n7  Resource Usage At Start Of Rendering\n19  Rendering using 4 render processes.\n18  ====================================\n20  A default light has been created, modify defaultRenderGlobals.enableDefaultLight to change this behavior.\n34    24.415 Mb	Heap\n35     5.469 Mb	MEL\n33  ====================================\n32    16.500 Mb	Peak arena size\n31    90.415 Mb	Peak total size(Estimated)\n30  ====================================\n29  Resource Usage At End Of Frame\n28  ====================================\n27  Frame triangle count: 12\n26  \n23  Constructing shading groups\n25  Rendering current frame.\n22  Starting Rendering /mnt/rnd/mayaProject/images/test.1.iff.\n24  \n50  ------------------------------------------------------------\n49  \n47  Time For Frame Render (hh:mm:ss): 00:00:00\n48  Finished Rendering /mnt/rnd/mayaProject/images/test.1.iff.\n45  Time For Shadow Map   (hh:mm:ss): 00:00:00\n46  Time For Post Process (hh:mm:ss): 00:00:00\n44  Time For Tessellation (hh:mm:ss): 00:00:00\n43  Postprocessing rendering result.\n41     0.007 Mb	Render Geometry Arena\n42  ====================================\n40     0.062 Mb	Arrays\n38     0.125 Mb	Transforms\n39     0.002 Mb	arguments\n36     7.008 Mb	Render Cache\n37     0.332 Mb	Data Blocks\n65  ====================================\n64    20.004 Mb	Peak arena size\n63   103.844 Mb	Peak total size(Estimated)\n61  Resource Usage At End Of Frame\n62  ====================================\n60  ====================================\n59  Frame triangle count: 12\n57  Rendering current frame.\n58  \n56  \n55  Constructing shading groups\n53  Automatic near/far clipping values: 1.77923, 3.68612.\n54  Starting Rendering /mnt/rnd/mayaProject/images/test.2.iff.\n52  \n51  \n80  Finished Rendering /mnt/rnd/mayaProject/images/test.2.iff.\n79  Time For Frame Render (hh:mm:ss): 00:00:00\n78  Time For Post Process (hh:mm:ss): 00:00:00\n77  Time For Shadow Map   (hh:mm:ss): 00:00:00\n76  Time For Tessellation (hh:mm:ss): 00:00:00\n75  Postprocessing rendering result.\n74  ====================================\n73     0.062 Mb	Arrays\n72     0.002 Mb	arguments\n71     0.125 Mb	Transforms\n70     0.332 Mb	Data Blocks\n69     7.008 Mb	Render Cache\n68     0.007 Mb	Render Geometry Arena\n67     5.469 Mb	MEL\n66    34.416 Mb	Heap\n95     0.125 Mb	Transforms\n94     0.332 Mb	Data Blocks\n93     7.008 Mb	Render Cache\n91    24.358 Mb	Heap\n92     5.469 Mb	MEL\n90  ====================================\n88   103.844 Mb	Peak total size(Estimated)\n89    12.996 Mb	Peak arena size\n87  ====================================\n86  Resource Usage At End Of Rendering\n85  ====================================\n83  \n84  \n82  ------------------------------------------------------------\n81  \n101  Scene /mnt/rnd/mayaProject/scenes/test.mb completed.\n***GOODBYE***\n','2009-07-02 15:47:43'),(5199,166,91,4,'Finish','2009-07-02 15:47:43'),(5200,167,90,4,'<?xml version=\"1.0\" encoding=\"UTF-8\"?>\r\n<Cmd cmdModelName=\"Maya\">\r\n<Cmdarg argName=\"-e\" value=\"4\" />\r\n<Cmdarg argName=\"-s\" value=\"3\" />\r\n<Cmdarg argName=\"-proj\" value=\"/mnt/rnd/mayaProject\" />\r\n<Endarg argName=\"-f\" value=\"/mnt/rnd/mayaProject/scenes/test.mb\" />\r\n<Cmdarg argName=\"-r\" value=\"file\" />\r\n<Cmdarg argName=\"-b\" value=\"1\" />\r\n</Cmd>\r\n','2009-07-02 15:47:58'),(5201,167,80,4,'0  \n1  Starting \"/mnt/data/maya2008-x64/bin/maya\"\n2  \n3  File read in 0 seconds.\n4  Result: /mnt/rnd/mayaProject/scenes/test.mb\n6  ====================================\n7  Resource Usage At Start Of Rendering\n5  Total Elapsed Time Since Start Of Maya (hh:mm:ss): 00:00:04\n9    75.885 Mb	Peak total size(Estimated)\n8  ====================================\n10     6.059 Mb	Peak arena size\n11  ====================================\n12    24.130 Mb	Heap\n14     0.332 Mb	Data Blocks\n15     0.125 Mb	Transforms\n16     0.062 Mb	Arrays\n18  ====================================\n17     0.002 Mb	arguments\n19  Rendering using 4 render processes.\n13     5.469 Mb	MEL\n34    24.375 Mb	Heap\n33  ====================================\n27  Frame triangle count: 12\n28  ====================================\n29  Resource Usage At End Of Frame\n30  ====================================\n32    12.996 Mb	Peak arena size\n31    86.855 Mb	Peak total size(Estimated)\n26  \n25  Rendering current frame.\n23  Constructing shading groups\n24  \n21  Automatic near/far clipping values: 1.77923, 3.68612.\n22  Starting Rendering /mnt/rnd/mayaProject/images/test.3.iff.\n20  A default light has been created, modify defaultRenderGlobals.enableDefaultLight to change this behavior.\n49  \n48  Finished Rendering /mnt/rnd/mayaProject/images/test.3.iff.\n47  Time For Frame Render (hh:mm:ss): 00:00:00\n44  Time For Tessellation (hh:mm:ss): 00:00:00\n46  Time For Post Process (hh:mm:ss): 00:00:00\n43  Postprocessing rendering result.\n45  Time For Shadow Map   (hh:mm:ss): 00:00:00\n42  ====================================\n41     0.002 Mb	arguments\n40     0.062 Mb	Arrays\n39     0.007 Mb	Render Geometry Arena\n37     0.332 Mb	Data Blocks\n38     0.125 Mb	Transforms\n36     7.008 Mb	Render Cache\n35     5.469 Mb	MEL\n62  ====================================\n63   100.175 Mb	Peak total size(Estimated)\n61  Resource Usage At End Of Frame\n60  ====================================\n59  Frame triangle count: 12\n58  \n57  Rendering current frame.\n56  \n55  Constructing shading groups\n54  Starting Rendering /mnt/rnd/mayaProject/images/test.4.iff.\n52  \n53  Automatic near/far clipping values: 1.77923, 3.68612.\n50  ------------------------------------------------------------\n51  \n78  Time For Post Process (hh:mm:ss): 00:00:00\n77  Time For Shadow Map   (hh:mm:ss): 00:00:00\n75  Postprocessing rendering result.\n76  Time For Tessellation (hh:mm:ss): 00:00:00\n73     0.002 Mb	arguments\n74  ====================================\n72     0.062 Mb	Arrays\n71     0.007 Mb	Render Geometry Arena\n70     0.125 Mb	Transforms\n69     0.332 Mb	Data Blocks\n67     5.469 Mb	MEL\n68     7.008 Mb	Render Cache\n66    34.376 Mb	Heap\n64    16.500 Mb	Peak arena size\n65  ====================================\n93     7.008 Mb	Render Cache\n94     0.332 Mb	Data Blocks\n92     5.469 Mb	MEL\n91    24.319 Mb	Heap\n88   100.175 Mb	Peak total size(Estimated)\n90  ====================================\n87  ====================================\n89    12.996 Mb	Peak arena size\n86  Resource Usage At End Of Rendering\n85  ====================================\n84  \n83  \n82  ------------------------------------------------------------\n81  \n80  Finished Rendering /mnt/rnd/mayaProject/images/test.4.iff.\n79  Time For Frame Render (hh:mm:ss): 00:00:00\n***GOODBYE***\n','2009-07-02 15:48:03'),(5202,167,91,4,'Finish','2009-07-02 15:48:03'),(5203,168,90,4,'<?xml version=\"1.0\" encoding=\"UTF-8\"?>\r\n<Cmd cmdModelName=\"Maya\">\r\n<Cmdarg argName=\"-e\" value=\"6\" />\r\n<Cmdarg argName=\"-s\" value=\"5\" />\r\n<Cmdarg argName=\"-proj\" value=\"/mnt/rnd/mayaProject\" />\r\n<Endarg argName=\"-f\" value=\"/mnt/rnd/mayaProject/scenes/test.mb\" />\r\n<Cmdarg argName=\"-r\" value=\"file\" />\r\n<Cmdarg argName=\"-b\" value=\"1\" />\r\n</Cmd>\r\n','2009-07-02 15:48:18'),(5204,168,80,4,'0  \n1  Starting \"/mnt/data/maya2008-x64/bin/maya\"\n2  \n3  File read in 0 seconds.\n4  Result: /mnt/rnd/mayaProject/scenes/test.mb\n19  Rendering using 4 render processes.\n5  Total Elapsed Time Since Start Of Maya (hh:mm:ss): 00:00:04\n6  ====================================\n17     0.002 Mb	arguments\n7  Resource Usage At Start Of Rendering\n8  ====================================\n9    75.885 Mb	Peak total size(Estimated)\n11  ====================================\n12    24.133 Mb	Heap\n10     6.059 Mb	Peak arena size\n13     5.469 Mb	MEL\n14     0.332 Mb	Data Blocks\n15     0.125 Mb	Transforms\n16     0.062 Mb	Arrays\n18  ====================================\n34    24.417 Mb	Heap\n33  ====================================\n32    30.516 Mb	Peak arena size\n31   104.557 Mb	Peak total size(Estimated)\n30  ====================================\n29  Resource Usage At End Of Frame\n28  ====================================\n27  Frame triangle count: 12\n26  \n25  Rendering current frame.\n24  \n23  Constructing shading groups\n21  Automatic near/far clipping values: 1.77923, 3.68612.\n22  Starting Rendering /mnt/rnd/mayaProject/images/test.5.iff.\n20  A default light has been created, modify defaultRenderGlobals.enableDefaultLight to change this behavior.\n49  \n48  Finished Rendering /mnt/rnd/mayaProject/images/test.5.iff.\n47  Time For Frame Render (hh:mm:ss): 00:00:00\n45  Time For Shadow Map   (hh:mm:ss): 00:00:00\n46  Time For Post Process (hh:mm:ss): 00:00:00\n44  Time For Tessellation (hh:mm:ss): 00:00:00\n43  Postprocessing rendering result.\n42  ====================================\n41     0.002 Mb	arguments\n40     0.062 Mb	Arrays\n38     0.125 Mb	Transforms\n39     0.007 Mb	Render Geometry Arena\n37     0.332 Mb	Data Blocks\n36     7.008 Mb	Render Cache\n35     5.469 Mb	MEL\n63   103.763 Mb	Peak total size(Estimated)\n62  ====================================\n61  Resource Usage At End Of Frame\n60  ====================================\n58  \n56  \n59  Frame triangle count: 12\n55  Constructing shading groups\n57  Rendering current frame.\n53  Automatic near/far clipping values: 1.77923, 3.68612.\n54  Starting Rendering /mnt/rnd/mayaProject/images/test.6.iff.\n52  \n50  ------------------------------------------------------------\n51  \n77  Time For Shadow Map   (hh:mm:ss): 00:00:00\n76  Time For Tessellation (hh:mm:ss): 00:00:00\n75  Postprocessing rendering result.\n74  ====================================\n73     0.002 Mb	arguments\n72     0.062 Mb	Arrays\n71     0.007 Mb	Render Geometry Arena\n70     0.125 Mb	Transforms\n68     7.008 Mb	Render Cache\n69     0.332 Mb	Data Blocks\n67     5.469 Mb	MEL\n65  ====================================\n66    34.418 Mb	Heap\n64    20.004 Mb	Peak arena size\n89    12.996 Mb	Peak arena size\n90  ====================================\n88   103.763 Mb	Peak total size(Estimated)\n87  ====================================\n86  Resource Usage At End Of Rendering\n85  ====================================\n84  \n82  ------------------------------------------------------------\n83  \n81  \n80  Finished Rendering /mnt/rnd/mayaProject/images/test.6.iff.\n78  Time For Post Process (hh:mm:ss): 00:00:00\n79  Time For Frame Render (hh:mm:ss): 00:00:00\n***GOODBYE***\n','2009-07-02 15:48:23'),(5205,168,91,4,'Finish','2009-07-02 15:48:23'),(5206,169,90,4,'<?xml version=\"1.0\" encoding=\"UTF-8\"?>\r\n<Cmd cmdModelName=\"Maya\">\r\n<Cmdarg argName=\"-e\" value=\"8\" />\r\n<Cmdarg argName=\"-s\" value=\"7\" />\r\n<Cmdarg argName=\"-proj\" value=\"/mnt/rnd/mayaProject\" />\r\n<Endarg argName=\"-f\" value=\"/mnt/rnd/mayaProject/scenes/test.mb\" />\r\n<Cmdarg argName=\"-r\" value=\"file\" />\r\n<Cmdarg argName=\"-b\" value=\"1\" />\r\n</Cmd>\r\n','2009-07-02 15:48:38'),(5207,169,80,4,'0  \n1  Starting \"/mnt/data/maya2008-x64/bin/maya\"\n2  \n3  File read in 0 seconds.\n4  Result: /mnt/rnd/mayaProject/scenes/test.mb\n20  A default light has been created, modify defaultRenderGlobals.enableDefaultLight to change this behavior.\n18  ====================================\n22  Starting Rendering /mnt/rnd/mayaProject/images/test.7.iff.\n5  Total Elapsed Time Since Start Of Maya (hh:mm:ss): 00:00:04\n7  Resource Usage At Start Of Rendering\n6  ====================================\n8  ====================================\n9    75.885 Mb	Peak total size(Estimated)\n10     6.059 Mb	Peak arena size\n11  ====================================\n12    24.129 Mb	Heap\n13     5.469 Mb	MEL\n14     0.332 Mb	Data Blocks\n15     0.125 Mb	Transforms\n16     0.062 Mb	Arrays\n19  Rendering using 4 render processes.\n21  Automatic near/far clipping values: 1.77923, 3.68612.\n34    24.414 Mb	Heap\n33  ====================================\n31   101.004 Mb	Peak total size(Estimated)\n32    27.012 Mb	Peak arena size\n27  Frame triangle count: 12\n28  ====================================\n29  Resource Usage At End Of Frame\n30  ====================================\n26  \n25  Rendering current frame.\n24  \n17     0.002 Mb	arguments\n23  Constructing shading groups\n47  Time For Frame Render (hh:mm:ss): 00:00:00\n49  \n46  Time For Post Process (hh:mm:ss): 00:00:00\n45  Time For Shadow Map   (hh:mm:ss): 00:00:00\n43  Postprocessing rendering result.\n42  ====================================\n44  Time For Tessellation (hh:mm:ss): 00:00:00\n41     0.007 Mb	Render Geometry Arena\n40     0.002 Mb	arguments\n39     0.062 Mb	Arrays\n38     0.125 Mb	Transforms\n35     5.469 Mb	MEL\n36    10.512 Mb	Render Cache\n37     0.332 Mb	Data Blocks\n62  ====================================\n61  Resource Usage At End Of Frame\n58  \n60  ====================================\n57  Rendering current frame.\n59  Frame triangle count: 12\n55  Constructing shading groups\n56  \n54  Starting Rendering /mnt/rnd/mayaProject/images/test.8.iff.\n53  Automatic near/far clipping values: 1.77923, 3.68612.\n51  \n52  \n48  Finished Rendering /mnt/rnd/mayaProject/images/test.7.iff.\n50  ------------------------------------------------------------\n77  Time For Shadow Map   (hh:mm:ss): 00:00:00\n76  Time For Tessellation (hh:mm:ss): 00:00:00\n75  Postprocessing rendering result.\n74  ====================================\n73     0.007 Mb	Render Geometry Arena\n72     0.002 Mb	arguments\n71     0.062 Mb	Arrays\n70     0.125 Mb	Transforms\n69     0.332 Mb	Data Blocks\n68     7.008 Mb	Render Cache\n67     5.469 Mb	MEL\n66    34.415 Mb	Heap\n65  ====================================\n63   107.231 Mb	Peak total size(Estimated)\n64    23.508 Mb	Peak arena size\n92     5.469 Mb	MEL\n91    24.357 Mb	Heap\n89    12.996 Mb	Peak arena size\n90  ====================================\n88   107.231 Mb	Peak total size(Estimated)\n87  ====================================\n86  Resource Usage At End Of Rendering\n85  ====================================\n84  \n83  \n82  ------------------------------------------------------------\n81  \n80  Finished Rendering /mnt/rnd/mayaProject/images/test.8.iff.\n79  Time For Frame Render (hh:mm:ss): 00:00:00\n78  Time For Post Process (hh:mm:ss): 00:00:00\n***GOODBYE***\n','2009-07-02 15:48:43'),(5208,169,91,4,'Finish','2009-07-02 15:48:43'),(5212,166,90,4,'<?xml version=\"1.0\" encoding=\"UTF-8\"?>\r\n<Cmd cmdModelName=\"Maya\">\r\n<Cmdarg argName=\"-s\" value=\"1\" />\r\n<Cmdarg argName=\"-e\" value=\"2\" />\r\n<Endarg argName=\"-f\" value=\"/mnt/rnd/mayaProject/scenes/test.mb\" />\r\n<Cmdarg argName=\"-r\" value=\"file\" />\r\n<Cmdarg argName=\"-b\" value=\"1\" />\r\n<Cmdarg argName=\"-proj\" value=\"/mnt/rnd/mayaProject\" />\r\n</Cmd>\r\n','2009-07-02 16:07:00'),(5213,166,80,4,'1  Starting \"/mnt/data/maya2008-x64/bin/maya\"\n0  \n2  \n3  File read in 0 seconds.\n4  Result: /mnt/rnd/mayaProject/scenes/test.mb\n17     0.062 Mb	Arrays\n19  Rendering using 4 render processes.\n18  ====================================\n5  Total Elapsed Time Since Start Of Maya (hh:mm:ss): 00:00:04\n6  ====================================\n7  Resource Usage At Start Of Rendering\n8  ====================================\n11  ====================================\n12    24.133 Mb	Heap\n13     0.332 Mb	Data Blocks\n10     6.059 Mb	Peak arena size\n15     0.125 Mb	Transforms\n14     5.469 Mb	MEL\n16     0.002 Mb	arguments\n9    75.885 Mb	Peak total size(Estimated)\n26  \n25  Rendering current frame.\n24  \n22  Starting Rendering /mnt/rnd/mayaProject/images/test.1.iff.\n23  Constructing shading groups\n20  A default light has been created, modify defaultRenderGlobals.enableDefaultLight to change this behavior.\n21  Automatic near/far clipping values: 1.77923, 3.68612.\n41     0.062 Mb	Arrays\n40     0.002 Mb	arguments\n39     7.008 Mb	Render Cache\n37     5.469 Mb	MEL\n38     0.125 Mb	Transforms\n30  ====================================\n29  Resource Usage At End Of Frame\n31   104.508 Mb	Peak total size(Estimated)\n33  ====================================\n32    30.516 Mb	Peak arena size\n34    24.379 Mb	Heap\n35     0.332 Mb	Data Blocks\n36     0.007 Mb	Render Geometry Arena\n28  ====================================\n27  Frame triangle count: 12\n53  Automatic near/far clipping values: 1.77923, 3.68612.\n52  \n50  ------------------------------------------------------------\n51  \n49  \n48  Finished Rendering /mnt/rnd/mayaProject/images/test.1.iff.\n47  Time For Frame Render (hh:mm:ss): 00:00:00\n45  Time For Shadow Map   (hh:mm:ss): 00:00:00\n46  Time For Post Process (hh:mm:ss): 00:00:00\n44  Time For Tessellation (hh:mm:ss): 00:00:00\n43  Postprocessing rendering result.\n42  ====================================\n68     0.007 Mb	Render Geometry Arena\n67     0.332 Mb	Data Blocks\n66    34.380 Mb	Heap\n65  ====================================\n64    30.516 Mb	Peak arena size\n62  ====================================\n63   114.364 Mb	Peak total size(Estimated)\n61  Resource Usage At End Of Frame\n60  ====================================\n59  Frame triangle count: 12\n55  Constructing shading groups\n56  \n58  \n54  Starting Rendering /mnt/rnd/mayaProject/images/test.2.iff.\n57  Rendering current frame.\n83  \n82  ------------------------------------------------------------\n81  \n80  Finished Rendering /mnt/rnd/mayaProject/images/test.2.iff.\n79  Time For Frame Render (hh:mm:ss): 00:00:00\n78  Time For Post Process (hh:mm:ss): 00:00:00\n77  Time For Shadow Map   (hh:mm:ss): 00:00:00\n75  Postprocessing rendering result.\n76  Time For Tessellation (hh:mm:ss): 00:00:00\n73     0.062 Mb	Arrays\n74  ====================================\n72     0.002 Mb	arguments\n70     7.008 Mb	Render Cache\n71     0.125 Mb	Transforms\n69     5.469 Mb	MEL\n97     0.062 Mb	Arrays\n96     0.002 Mb	arguments\n95     0.125 Mb	Transforms\n94     7.008 Mb	Render Cache\n93     5.469 Mb	MEL\n92     0.332 Mb	Data Blocks\n91    24.322 Mb	Heap\n90  ====================================\n89    12.996 Mb	Peak arena size\n87  ====================================\n88   114.364 Mb	Peak total size(Estimated)\n86  Resource Usage At End Of Rendering\n85  ====================================\n84  \n101  Scene /mnt/rnd/mayaProject/scenes/test.mb completed.\n***GOODBYE***\n','2009-07-02 16:07:05'),(5214,166,91,4,'Finish','2009-07-02 16:07:05'),(5215,167,90,4,'<?xml version=\"1.0\" encoding=\"UTF-8\"?>\r\n<Cmd cmdModelName=\"Maya\">\r\n<Cmdarg argName=\"-e\" value=\"4\" />\r\n<Cmdarg argName=\"-s\" value=\"3\" />\r\n<Endarg argName=\"-f\" value=\"/mnt/rnd/mayaProject/scenes/test.mb\" />\r\n<Cmdarg argName=\"-r\" value=\"file\" />\r\n<Cmdarg argName=\"-b\" value=\"1\" />\r\n<Cmdarg argName=\"-proj\" value=\"/mnt/rnd/mayaProject\" />\r\n</Cmd>\r\n','2009-07-02 16:07:20'),(5216,167,80,4,'0  \n1  Starting \"/mnt/data/maya2008-x64/bin/maya\"\n2  \n3  File read in 0 seconds.\n4  Result: /mnt/rnd/mayaProject/scenes/test.mb\n18  ====================================\n5  Total Elapsed Time Since Start Of Maya (hh:mm:ss): 00:00:04\n6  ====================================\n7  Resource Usage At Start Of Rendering\n8  ====================================\n9    75.886 Mb	Peak total size(Estimated)\n10     6.059 Mb	Peak arena size\n11  ====================================\n12    24.133 Mb	Heap\n13     5.469 Mb	MEL\n14     0.332 Mb	Data Blocks\n15     0.125 Mb	Transforms\n16     0.002 Mb	arguments\n17     0.062 Mb	Arrays\n26  \n24  \n25  Rendering current frame.\n23  Constructing shading groups\n22  Starting Rendering /mnt/rnd/mayaProject/images/test.3.iff.\n19  Rendering using 4 render processes.\n20  A default light has been created, modify defaultRenderGlobals.enableDefaultLight to change this behavior.\n21  Automatic near/far clipping values: 1.77923, 3.68612.\n39     0.125 Mb	Transforms\n40     0.002 Mb	arguments\n41     0.062 Mb	Arrays\n38     7.008 Mb	Render Cache\n36     0.332 Mb	Data Blocks\n31    86.889 Mb	Peak total size(Estimated)\n35     5.469 Mb	MEL\n32    12.996 Mb	Peak arena size\n37     0.007 Mb	Render Geometry Arena\n34    24.417 Mb	Heap\n29  Resource Usage At End Of Frame\n30  ====================================\n33  ====================================\n27  Frame triangle count: 12\n28  ====================================\n56  \n55  Constructing shading groups\n54  Starting Rendering /mnt/rnd/mayaProject/images/test.4.iff.\n53  Automatic near/far clipping values: 1.77923, 3.68612.\n52  \n51  \n50  ------------------------------------------------------------\n47  Time For Frame Render (hh:mm:ss): 00:00:00\n48  Finished Rendering /mnt/rnd/mayaProject/images/test.3.iff.\n46  Time For Post Process (hh:mm:ss): 00:00:00\n49  \n44  Time For Tessellation (hh:mm:ss): 00:00:00\n45  Time For Shadow Map   (hh:mm:ss): 00:00:00\n42  ====================================\n43  Postprocessing rendering result.\n71     0.125 Mb	Transforms\n70     0.007 Mb	Render Geometry Arena\n69     0.332 Mb	Data Blocks\n66    34.418 Mb	Heap\n68     5.469 Mb	MEL\n64    27.012 Mb	Peak arena size\n67     7.008 Mb	Render Cache\n63   110.613 Mb	Peak total size(Estimated)\n65  ====================================\n62  ====================================\n61  Resource Usage At End Of Frame\n60  ====================================\n59  Frame triangle count: 12\n58  \n57  Rendering current frame.\n85  ====================================\n84  \n82  ------------------------------------------------------------\n83  \n81  \n80  Finished Rendering /mnt/rnd/mayaProject/images/test.4.iff.\n79  Time For Frame Render (hh:mm:ss): 00:00:00\n77  Time For Shadow Map   (hh:mm:ss): 00:00:00\n78  Time For Post Process (hh:mm:ss): 00:00:00\n76  Time For Tessellation (hh:mm:ss): 00:00:00\n75  Postprocessing rendering result.\n74  ====================================\n73     0.062 Mb	Arrays\n72     0.002 Mb	arguments\n99  Total Time For Render (hh:mm:ss): 00:00:00\n98  ====================================\n97     0.062 Mb	Arrays\n96     0.002 Mb	arguments\n95     0.125 Mb	Transforms\n94     0.332 Mb	Data Blocks\n93     5.469 Mb	MEL\n92     7.008 Mb	Render Cache\n91    24.360 Mb	Heap\n90  ====================================\n87  ====================================\n89    12.996 Mb	Peak arena size\n86  Resource Usage At End Of Rendering\n88   110.613 Mb	Peak total size(Estimated)\n***GOODBYE***\n','2009-07-02 16:07:26'),(5217,167,91,4,'Finish','2009-07-02 16:07:26'),(5218,168,90,4,'<?xml version=\"1.0\" encoding=\"UTF-8\"?>\r\n<Cmd cmdModelName=\"Maya\">\r\n<Cmdarg argName=\"-e\" value=\"6\" />\r\n<Cmdarg argName=\"-s\" value=\"5\" />\r\n<Endarg argName=\"-f\" value=\"/mnt/rnd/mayaProject/scenes/test.mb\" />\r\n<Cmdarg argName=\"-r\" value=\"file\" />\r\n<Cmdarg argName=\"-b\" value=\"1\" />\r\n<Cmdarg argName=\"-proj\" value=\"/mnt/rnd/mayaProject\" />\r\n</Cmd>\r\n','2009-07-02 16:07:40'),(5219,168,80,4,'1  Starting \"/mnt/data/maya2008-x64/bin/maya\"\n0  \n2  \n3  File read in 0 seconds.\n4  Result: /mnt/rnd/mayaProject/scenes/test.mb\n18  ====================================\n21  Automatic near/far clipping values: 1.77923, 3.68612.\n22  Starting Rendering /mnt/rnd/mayaProject/images/test.5.iff.\n23  Constructing shading groups\n6  ====================================\n5  Total Elapsed Time Since Start Of Maya (hh:mm:ss): 00:00:04\n7  Resource Usage At Start Of Rendering\n8  ====================================\n10     6.059 Mb	Peak arena size\n9    75.885 Mb	Peak total size(Estimated)\n12    24.129 Mb	Heap\n13     0.002 Mb	arguments\n11  ====================================\n15     5.469 Mb	MEL\n16     0.125 Mb	Transforms\n17     0.062 Mb	Arrays\n14     0.332 Mb	Data Blocks\n26  \n25  Rendering current frame.\n19  Rendering using 4 render processes.\n20  A default light has been created, modify defaultRenderGlobals.enableDefaultLight to change this behavior.\n24  \n39     0.125 Mb	Transforms\n41     0.062 Mb	Arrays\n42  ====================================\n29  Resource Usage At End Of Frame\n40     0.007 Mb	Render Geometry Arena\n36     0.332 Mb	Data Blocks\n28  ====================================\n35     0.002 Mb	arguments\n33  ====================================\n34    24.413 Mb	Heap\n38     7.008 Mb	Render Cache\n37     5.469 Mb	MEL\n27  Frame triangle count: 12\n31   104.595 Mb	Peak total size(Estimated)\n53  Automatic near/far clipping values: 1.77923, 3.68612.\n55  Constructing shading groups\n52  \n54  Starting Rendering /mnt/rnd/mayaProject/images/test.6.iff.\n50  ------------------------------------------------------------\n51  \n49  \n47  Time For Frame Render (hh:mm:ss): 00:00:00\n48  Finished Rendering /mnt/rnd/mayaProject/images/test.5.iff.\n45  Time For Shadow Map   (hh:mm:ss): 00:00:00\n46  Time For Post Process (hh:mm:ss): 00:00:00\n32    30.516 Mb	Peak arena size\n44  Time For Tessellation (hh:mm:ss): 00:00:00\n30  ====================================\n43  Postprocessing rendering result.\n58  \n57  Rendering current frame.\n56  \n59  Frame triangle count: 12\n67     0.002 Mb	arguments\n68     0.332 Mb	Data Blocks\n69     5.469 Mb	MEL\n71     0.125 Mb	Transforms\n72     7.008 Mb	Render Cache\n70     0.007 Mb	Render Geometry Arena\n73     0.062 Mb	Arrays\n74  ====================================\n62  ====================================\n65  ====================================\n60  ====================================\n63   103.735 Mb	Peak total size(Estimated)\n64    20.004 Mb	Peak arena size\n61  Resource Usage At End Of Frame\n66    34.414 Mb	Heap\n89    12.996 Mb	Peak arena size\n88   103.735 Mb	Peak total size(Estimated)\n87  ====================================\n86  Resource Usage At End Of Rendering\n85  ====================================\n84  \n83  \n82  ------------------------------------------------------------\n81  \n80  Finished Rendering /mnt/rnd/mayaProject/images/test.6.iff.\n78  Time For Post Process (hh:mm:ss): 00:00:00\n79  Time For Frame Render (hh:mm:ss): 00:00:00\n77  Time For Shadow Map   (hh:mm:ss): 00:00:00\n75  Postprocessing rendering result.\n76  Time For Tessellation (hh:mm:ss): 00:00:00\n101  Scene /mnt/rnd/mayaProject/scenes/test.mb completed.\n***GOODBYE***\n','2009-07-02 16:07:46'),(5220,168,91,4,'Finish','2009-07-02 16:07:46'),(5221,169,90,4,'<?xml version=\"1.0\" encoding=\"UTF-8\"?>\r\n<Cmd cmdModelName=\"Maya\">\r\n<Cmdarg argName=\"-s\" value=\"7\" />\r\n<Cmdarg argName=\"-e\" value=\"8\" />\r\n<Endarg argName=\"-f\" value=\"/mnt/rnd/mayaProject/scenes/test.mb\" />\r\n<Cmdarg argName=\"-r\" value=\"file\" />\r\n<Cmdarg argName=\"-b\" value=\"1\" />\r\n<Cmdarg argName=\"-proj\" value=\"/mnt/rnd/mayaProject\" />\r\n</Cmd>\r\n','2009-07-02 16:08:00'),(5222,169,80,4,'0  \n1  Starting \"/mnt/data/maya2008-x64/bin/maya\"\n2  \n3  File read in 0 seconds.\n4  Result: /mnt/rnd/mayaProject/scenes/test.mb\n20  A default light has been created, modify defaultRenderGlobals.enableDefaultLight to change this behavior.\n21  Automatic near/far clipping values: 1.77923, 3.68612.\n6  ====================================\n5  Total Elapsed Time Since Start Of Maya (hh:mm:ss): 00:00:04\n8  ====================================\n7  Resource Usage At Start Of Rendering\n10     6.059 Mb	Peak arena size\n9    75.885 Mb	Peak total size(Estimated)\n11  ====================================\n13     0.332 Mb	Data Blocks\n12    24.132 Mb	Heap\n14     5.469 Mb	MEL\n16     0.125 Mb	Transforms\n18  ====================================\n17     0.062 Mb	Arrays\n15     0.002 Mb	arguments\n19  Rendering using 4 render processes.\n35     0.332 Mb	Data Blocks\n28  ====================================\n27  Frame triangle count: 12\n30  ====================================\n29  Resource Usage At End Of Frame\n32    23.508 Mb	Peak arena size\n33  ====================================\n31    97.447 Mb	Peak total size(Estimated)\n34    24.378 Mb	Heap\n26  \n25  Rendering current frame.\n24  \n22  Starting Rendering /mnt/rnd/mayaProject/images/test.7.iff.\n23  Constructing shading groups\n49  \n47  Time For Frame Render (hh:mm:ss): 00:00:00\n48  Finished Rendering /mnt/rnd/mayaProject/images/test.7.iff.\n46  Time For Post Process (hh:mm:ss): 00:00:00\n45  Time For Shadow Map   (hh:mm:ss): 00:00:00\n43  Postprocessing rendering result.\n44  Time For Tessellation (hh:mm:ss): 00:00:00\n42  ====================================\n40     0.125 Mb	Transforms\n41     0.062 Mb	Arrays\n38     0.007 Mb	Render Geometry Arena\n39     0.002 Mb	arguments\n36     7.008 Mb	Render Cache\n37     5.469 Mb	MEL\n64    12.996 Mb	Peak arena size\n63    97.447 Mb	Peak total size(Estimated)\n62  ====================================\n61  Resource Usage At End Of Frame\n60  ====================================\n59  Frame triangle count: 12\n58  \n56  \n57  Rendering current frame.\n54  Starting Rendering /mnt/rnd/mayaProject/images/test.8.iff.\n55  Constructing shading groups\n53  Automatic near/far clipping values: 1.77923, 3.68612.\n52  \n50  ------------------------------------------------------------\n51  \n79  Time For Frame Render (hh:mm:ss): 00:00:00\n78  Time For Post Process (hh:mm:ss): 00:00:00\n76  Time For Tessellation (hh:mm:ss): 00:00:00\n77  Time For Shadow Map   (hh:mm:ss): 00:00:00\n75  Postprocessing rendering result.\n74  ====================================\n73     0.062 Mb	Arrays\n72     0.125 Mb	Transforms\n70     0.007 Mb	Render Geometry Arena\n71     0.002 Mb	arguments\n69     5.469 Mb	MEL\n68     7.008 Mb	Render Cache\n67     0.332 Mb	Data Blocks\n66    34.379 Mb	Heap\n65  ====================================\n94     5.469 Mb	MEL\n93     7.008 Mb	Render Cache\n92     0.332 Mb	Data Blocks\n90  ====================================\n91    24.322 Mb	Heap\n89    12.996 Mb	Peak arena size\n88    97.447 Mb	Peak total size(Estimated)\n87  ====================================\n86  Resource Usage At End Of Rendering\n84  \n85  ====================================\n83  \n82  ------------------------------------------------------------\n80  Finished Rendering /mnt/rnd/mayaProject/images/test.8.iff.\n81  \n***GOODBYE***\n','2009-07-02 16:08:06'),(5223,169,91,4,'Finish','2009-07-02 16:08:06'),(5227,166,90,4,'<?xml version=\"1.0\" encoding=\"UTF-8\"?>\r\n<Cmd cmdModelName=\"Maya\">\r\n<Cmdarg argName=\"-e\" value=\"2\" />\r\n<Cmdarg argName=\"-s\" value=\"1\" />\r\n<Cmdarg argName=\"-proj\" value=\"/mnt/rnd/mayaProject\" />\r\n<Endarg argName=\"-f\" value=\"/mnt/rnd/mayaProject/scenes/test.mb\" />\r\n<Cmdarg argName=\"-b\" value=\"1\" />\r\n<Cmdarg argName=\"-r\" value=\"file\" />\r\n</Cmd>\r\n','2009-07-02 16:15:08'),(5228,166,80,4,'0  \n1  Starting \"/mnt/data/maya2008-x64/bin/maya\"\n2  \n3  File read in 0 seconds.\n4  Result: /mnt/rnd/mayaProject/scenes/test.mb\n5  Total Elapsed Time Since Start Of Maya (hh:mm:ss): 00:00:04\n6  ====================================\n7  Resource Usage At Start Of Rendering\n8  ====================================\n9    75.885 Mb	Peak total size(Estimated)\n10     6.059 Mb	Peak arena size\n11  ====================================\n12    24.129 Mb	Heap\n13     0.332 Mb	Data Blocks\n14     5.469 Mb	MEL\n15     0.002 Mb	arguments\n16     0.125 Mb	Transforms\n17     0.062 Mb	Arrays\n18  ====================================\n19  Rendering using 4 render processes.\n20  A default light has been created, modify defaultRenderGlobals.enableDefaultLight to change this behavior.\n21  Automatic near/far clipping values: 1.77923, 3.68612.\n22  Starting Rendering /mnt/rnd/mayaProject/images/test.1.iff.\n23  Constructing shading groups\n24  \n25  Rendering current frame.\n26  \n27  Frame triangle count: 12\n28  ====================================\n29  Resource Usage At End Of Frame\n30  ====================================\n31    93.861 Mb	Peak total size(Estimated)\n32    20.004 Mb	Peak arena size\n33  ====================================\n34    24.412 Mb	Heap\n35     0.007 Mb	Render Geometry Arena\n36     0.332 Mb	Data Blocks\n37     5.469 Mb	MEL\n38     7.008 Mb	Render Cache\n39     0.002 Mb	arguments\n40     0.125 Mb	Transforms\n41     0.062 Mb	Arrays\n42  ====================================\n43  Postprocessing rendering result.\n44  Time For Tessellation (hh:mm:ss): 00:00:00\n45  Time For Shadow Map   (hh:mm:ss): 00:00:00\n46  Time For Post Process (hh:mm:ss): 00:00:00\n47  Time For Frame Render (hh:mm:ss): 00:00:00\n48  Finished Rendering /mnt/rnd/mayaProject/images/test.1.iff.\n49  \n50  ------------------------------------------------------------\n51  \n52  \n53  Automatic near/far clipping values: 1.77923, 3.68612.\n54  Starting Rendering /mnt/rnd/mayaProject/images/test.2.iff.\n55  Constructing shading groups\n56  \n57  Rendering current frame.\n58  \n59  Frame triangle count: 12\n60  ====================================\n61  Resource Usage At End Of Frame\n62  ====================================\n63   103.736 Mb	Peak total size(Estimated)\n64    20.004 Mb	Peak arena size\n65  ====================================\n66    34.413 Mb	Heap\n67     0.332 Mb	Data Blocks\n68     0.007 Mb	Render Geometry Arena\n69     5.469 Mb	MEL\n70     7.008 Mb	Render Cache\n71     0.002 Mb	arguments\n72     0.125 Mb	Transforms\n73     0.062 Mb	Arrays\n74  ====================================\n75  Postprocessing rendering result.\n76  Time For Tessellation (hh:mm:ss): 00:00:00\n77  Time For Shadow Map   (hh:mm:ss): 00:00:00\n78  Time For Post Process (hh:mm:ss): 00:00:00\n79  Time For Frame Render (hh:mm:ss): 00:00:00\n80  Finished Rendering /mnt/rnd/mayaProject/images/test.2.iff.\n81  \n82  ------------------------------------------------------------\n83  \n84  \n85  ====================================\n86  Resource Usage At End Of Rendering\n87  ====================================\n88   103.736 Mb	Peak total size(Estimated)\n89    12.996 Mb	Peak arena size\n90  ====================================\n91    24.356 Mb	Heap\n92     0.332 Mb	Data Blocks\n93     5.469 Mb	MEL\n94     7.008 Mb	Render Cache\n95     0.002 Mb	arguments\n96     0.125 Mb	Transforms\n97     0.062 Mb	Arrays\n98  ====================================\n99  Total Time For Render (hh:mm:ss): 00:00:00\n100  Total Elapsed Time For Maya (hh:mm:ss): 00:00:04\n101  Scene /mnt/rnd/mayaProject/scenes/test.mb completed.\n***GOODBYE***\n','2009-07-02 16:15:13'),(5229,166,91,4,'Finish','2009-07-02 16:15:13'),(5230,167,90,4,'<?xml version=\"1.0\" encoding=\"UTF-8\"?>\r\n<Cmd cmdModelName=\"Maya\">\r\n<Cmdarg argName=\"-s\" value=\"3\" />\r\n<Cmdarg argName=\"-e\" value=\"4\" />\r\n<Cmdarg argName=\"-proj\" value=\"/mnt/rnd/mayaProject\" />\r\n<Endarg argName=\"-f\" value=\"/mnt/rnd/mayaProject/scenes/test.mb\" />\r\n<Cmdarg argName=\"-b\" value=\"1\" />\r\n<Cmdarg argName=\"-r\" value=\"file\" />\r\n</Cmd>\r\n','2009-07-02 16:15:28'),(5231,167,80,4,'0  \n1  Starting \"/mnt/data/maya2008-x64/bin/maya\"\n2  \n3  File read in 0 seconds.\n4  Result: /mnt/rnd/mayaProject/scenes/test.mb\n5  Total Elapsed Time Since Start Of Maya (hh:mm:ss): 00:00:04\n6  ====================================\n7  Resource Usage At Start Of Rendering\n8  ====================================\n9    75.884 Mb	Peak total size(Estimated)\n10     6.059 Mb	Peak arena size\n11  ====================================\n12    24.133 Mb	Heap\n13     0.332 Mb	Data Blocks\n14     5.469 Mb	MEL\n15     0.125 Mb	Transforms\n16     0.002 Mb	arguments\n17     0.062 Mb	Arrays\n18  ====================================\n19  Rendering using 4 render processes.\n20  A default light has been created, modify defaultRenderGlobals.enableDefaultLight to change this behavior.\n21  Automatic near/far clipping values: 1.77923, 3.68612.\n22  Starting Rendering /mnt/rnd/mayaProject/images/test.3.iff.\n23  Constructing shading groups\n24  \n25  Rendering current frame.\n26  \n27  Frame triangle count: 12\n28  ====================================\n29  Resource Usage At End Of Frame\n30  ====================================\n31   104.442 Mb	Peak total size(Estimated)\n32    30.516 Mb	Peak arena size\n33  ====================================\n34    24.417 Mb	Heap\n35     0.332 Mb	Data Blocks\n36     0.007 Mb	Render Geometry Arena\n37     5.469 Mb	MEL\n38    10.512 Mb	Render Cache\n39     0.125 Mb	Transforms\n40     0.002 Mb	arguments\n41     0.062 Mb	Arrays\n42  ====================================\n43  Postprocessing rendering result.\n44  Time For Tessellation (hh:mm:ss): 00:00:00\n45  Time For Shadow Map   (hh:mm:ss): 00:00:00\n46  Time For Post Process (hh:mm:ss): 00:00:00\n47  Time For Frame Render (hh:mm:ss): 00:00:00\n48  Finished Rendering /mnt/rnd/mayaProject/images/test.3.iff.\n49  \n50  ------------------------------------------------------------\n51  \n52  \n53  Automatic near/far clipping values: 1.77923, 3.68612.\n54  Starting Rendering /mnt/rnd/mayaProject/images/test.4.iff.\n55  Constructing shading groups\n56  \n57  Rendering current frame.\n58  \n59  Frame triangle count: 12\n60  ====================================\n61  Resource Usage At End Of Frame\n62  ====================================\n63   114.385 Mb	Peak total size(Estimated)\n64    30.516 Mb	Peak arena size\n65  ====================================\n66    34.418 Mb	Heap\n67     0.332 Mb	Data Blocks\n68     5.469 Mb	MEL\n69     7.008 Mb	Render Cache\n70     0.125 Mb	Transforms\n71     0.002 Mb	arguments\n72     0.007 Mb	Render Geometry Arena\n73     0.062 Mb	Arrays\n74  ====================================\n75  Postprocessing rendering result.\n76  Time For Tessellation (hh:mm:ss): 00:00:00\n77  Time For Shadow Map   (hh:mm:ss): 00:00:00\n78  Time For Post Process (hh:mm:ss): 00:00:00\n79  Time For Frame Render (hh:mm:ss): 00:00:00\n80  Finished Rendering /mnt/rnd/mayaProject/images/test.4.iff.\n81  \n82  ------------------------------------------------------------\n83  \n84  \n85  ====================================\n86  Resource Usage At End Of Rendering\n87  ====================================\n88   114.385 Mb	Peak total size(Estimated)\n89    12.996 Mb	Peak arena size\n90  ====================================\n91    24.360 Mb	Heap\n92     0.332 Mb	Data Blocks\n93     5.469 Mb	MEL\n94     7.008 Mb	Render Cache\n95     0.125 Mb	Transforms\n96     0.002 Mb	arguments\n97     0.062 Mb	Arrays\n98  ====================================\n99  Total Time For Render (hh:mm:ss): 00:00:00\n100  Total Elapsed Time For Maya (hh:mm:ss): 00:00:04\n101  Scene /mnt/rnd/mayaProject/scenes/test.mb completed.\n***GOODBYE***\n','2009-07-02 16:15:33'),(5232,167,91,4,'Finish','2009-07-02 16:15:33'),(5233,168,90,4,'<?xml version=\"1.0\" encoding=\"UTF-8\"?>\r\n<Cmd cmdModelName=\"Maya\">\r\n<Cmdarg argName=\"-e\" value=\"6\" />\r\n<Cmdarg argName=\"-s\" value=\"5\" />\r\n<Cmdarg argName=\"-proj\" value=\"/mnt/rnd/mayaProject\" />\r\n<Endarg argName=\"-f\" value=\"/mnt/rnd/mayaProject/scenes/test.mb\" />\r\n<Cmdarg argName=\"-b\" value=\"1\" />\r\n<Cmdarg argName=\"-r\" value=\"file\" />\r\n</Cmd>\r\n','2009-07-02 16:15:48'),(5234,168,80,4,'0  \n1  Starting \"/mnt/data/maya2008-x64/bin/maya\"\n2  \n3  File read in 0 seconds.\n4  Result: /mnt/rnd/mayaProject/scenes/test.mb\n5  Total Elapsed Time Since Start Of Maya (hh:mm:ss): 00:00:04\n6  ====================================\n7  Resource Usage At Start Of Rendering\n8  ====================================\n9    75.882 Mb	Peak total size(Estimated)\n10     6.059 Mb	Peak arena size\n11  ====================================\n12    24.127 Mb	Heap\n13     0.002 Mb	arguments\n14     5.469 Mb	MEL\n15     0.332 Mb	Data Blocks\n16     0.125 Mb	Transforms\n17     0.062 Mb	Arrays\n18  ====================================\n19  Rendering using 4 render processes.\n20  A default light has been created, modify defaultRenderGlobals.enableDefaultLight to change this behavior.\n21  Automatic near/far clipping values: 1.77923, 3.68612.\n22  Starting Rendering /mnt/rnd/mayaProject/images/test.5.iff.\n23  Constructing shading groups\n24  \n25  Rendering current frame.\n26  \n27  Frame triangle count: 12\n28  ====================================\n29  Resource Usage At End Of Frame\n30  ====================================\n31   104.382 Mb	Peak total size(Estimated)\n32    30.516 Mb	Peak arena size\n33  ====================================\n34    24.411 Mb	Heap\n35     0.002 Mb	arguments\n36     5.469 Mb	MEL\n37    10.512 Mb	Render Cache\n38     0.332 Mb	Data Blocks\n39     0.125 Mb	Transforms\n40     0.062 Mb	Arrays\n41     0.007 Mb	Render Geometry Arena\n42  ====================================\n43  Postprocessing rendering result.\n44  Time For Tessellation (hh:mm:ss): 00:00:00\n45  Time For Shadow Map   (hh:mm:ss): 00:00:00\n46  Time For Post Process (hh:mm:ss): 00:00:00\n47  Time For Frame Render (hh:mm:ss): 00:00:00\n48  Finished Rendering /mnt/rnd/mayaProject/images/test.5.iff.\n49  \n50  ------------------------------------------------------------\n51  \n52  \n53  Automatic near/far clipping values: 1.77923, 3.68612.\n54  Starting Rendering /mnt/rnd/mayaProject/images/test.6.iff.\n55  Constructing shading groups\n56  \n57  Rendering current frame.\n58  \n59  Frame triangle count: 12\n60  ====================================\n61  Resource Usage At End Of Frame\n62  ====================================\n63   110.906 Mb	Peak total size(Estimated)\n64    27.012 Mb	Peak arena size\n65  ====================================\n66    34.412 Mb	Heap\n67     0.002 Mb	arguments\n68     5.469 Mb	MEL\n69     7.008 Mb	Render Cache\n70     0.332 Mb	Data Blocks\n71     0.125 Mb	Transforms\n72     0.007 Mb	Render Geometry Arena\n73     0.062 Mb	Arrays\n74  ====================================\n75  Postprocessing rendering result.\n76  Time For Tessellation (hh:mm:ss): 00:00:00\n77  Time For Shadow Map   (hh:mm:ss): 00:00:00\n78  Time For Post Process (hh:mm:ss): 00:00:00\n79  Time For Frame Render (hh:mm:ss): 00:00:00\n80  Finished Rendering /mnt/rnd/mayaProject/images/test.6.iff.\n81  \n82  ------------------------------------------------------------\n83  \n84  \n85  ====================================\n86  Resource Usage At End Of Rendering\n87  ====================================\n88   110.906 Mb	Peak total size(Estimated)\n89    12.996 Mb	Peak arena size\n90  ====================================\n91    24.354 Mb	Heap\n92     0.002 Mb	arguments\n93     5.469 Mb	MEL\n94     7.008 Mb	Render Cache\n95     0.332 Mb	Data Blocks\n96     0.125 Mb	Transforms\n97     0.062 Mb	Arrays\n98  ====================================\n99  Total Time For Render (hh:mm:ss): 00:00:00\n100  Total Elapsed Time For Maya (hh:mm:ss): 00:00:05\n101  Scene /mnt/rnd/mayaProject/scenes/test.mb completed.\n***GOODBYE***\n','2009-07-02 16:15:54'),(5235,168,91,4,'Finish','2009-07-02 16:15:54'),(5236,169,99,4,'SendError: <?xml version=\"1.0\" encoding=\"UTF-8\"?>\r\n<Cmd cmdModelName=\"Maya\">\r\n<Cmdarg argName=\"-e\" value=\"8\" />\r\n<Cmdarg argName=\"-s\" value=\"7\" />\r\n<Cmdarg argName=\"-proj\" value=\"/mnt/rnd/mayaProject\" />\r\n<Endarg argName=\"-f\" value=\"/mnt/rnd/mayaProject/scenes/test.mb\" />\r\n<Cmdarg argName=\"-b\" value=\"1\" />\r\n<Cmdarg argName=\"-r\" value=\"file\" />\r\n</Cmd>\r\n','2009-07-02 16:16:09'),(5240,169,90,4,'<?xml version=\"1.0\" encoding=\"UTF-8\"?>\r\n<Cmd cmdModelName=\"Maya\">\r\n<Cmdarg argName=\"-s\" value=\"7\" />\r\n<Cmdarg argName=\"-e\" value=\"8\" />\r\n<Cmdarg argName=\"-r\" value=\"file\" />\r\n<Cmdarg argName=\"-proj\" value=\"/mnt/rnd/mayaProject\" />\r\n<Endarg argName=\"-f\" value=\"/mnt/rnd/mayaProject/scenes/test.mb\" />\r\n<Cmdarg argName=\"-b\" value=\"1\" />\r\n</Cmd>\r\n','2009-07-02 16:26:09'),(5241,169,80,4,'0  \n1  Starting \"/mnt/data/maya2008-x64/bin/maya\"\n2  \n3  File read in 0 seconds.\n4  Result: /mnt/rnd/mayaProject/scenes/test.mb\n5  Total Elapsed Time Since Start Of Maya (hh:mm:ss): 00:00:03\n6  ====================================\n7  Resource Usage At Start Of Rendering\n8  ====================================\n9    75.886 Mb	Peak total size(Estimated)\n10     6.059 Mb	Peak arena size\n11  ====================================\n12    24.133 Mb	Heap\n13     0.332 Mb	Data Blocks\n14     5.469 Mb	MEL\n15     0.125 Mb	Transforms\n16     0.002 Mb	arguments\n17     0.062 Mb	Arrays\n18  ====================================\n19  Rendering using 4 render processes.\n20  A default light has been created, modify defaultRenderGlobals.enableDefaultLight to change this behavior.\n21  Automatic near/far clipping values: 1.77923, 3.68612.\n22  Starting Rendering /mnt/rnd/mayaProject/images/test.7.iff.\n23  Constructing shading groups\n24  \n25  Rendering current frame.\n26  \n27  Frame triangle count: 12\n28  ====================================\n29  Resource Usage At End Of Frame\n30  ====================================\n31   104.559 Mb	Peak total size(Estimated)\n32    30.516 Mb	Peak arena size\n33  ====================================\n34    24.417 Mb	Heap\n35     0.332 Mb	Data Blocks\n36     5.469 Mb	MEL\n37    10.512 Mb	Render Cache\n38     0.007 Mb	Render Geometry Arena\n39     0.125 Mb	Transforms\n40     0.002 Mb	arguments\n41     0.062 Mb	Arrays\n42  ====================================\n43  Postprocessing rendering result.\n44  Time For Tessellation (hh:mm:ss): 00:00:00\n45  Time For Shadow Map   (hh:mm:ss): 00:00:00\n46  Time For Post Process (hh:mm:ss): 00:00:00\n47  Time For Frame Render (hh:mm:ss): 00:00:00\n48  Finished Rendering /mnt/rnd/mayaProject/images/test.7.iff.\n49  \n50  ------------------------------------------------------------\n51  \n52  \n53  Automatic near/far clipping values: 1.77923, 3.68612.\n54  Starting Rendering /mnt/rnd/mayaProject/images/test.8.iff.\n55  Constructing shading groups\n56  \n57  Rendering current frame.\n58  \n59  Frame triangle count: 12\n60  ====================================\n61  Resource Usage At End Of Frame\n62  ====================================\n63   110.897 Mb	Peak total size(Estimated)\n64    27.012 Mb	Peak arena size\n65  ====================================\n66    34.418 Mb	Heap\n67     0.332 Mb	Data Blocks\n68     7.008 Mb	Render Cache\n69     5.469 Mb	MEL\n70     0.007 Mb	Render Geometry Arena\n71     0.125 Mb	Transforms\n72     0.002 Mb	arguments\n73     0.062 Mb	Arrays\n74  ====================================\n75  Postprocessing rendering result.\n76  Time For Tessellation (hh:mm:ss): 00:00:00\n77  Time For Shadow Map   (hh:mm:ss): 00:00:00\n78  Time For Post Process (hh:mm:ss): 00:00:00\n79  Time For Frame Render (hh:mm:ss): 00:00:00\n80  Finished Rendering /mnt/rnd/mayaProject/images/test.8.iff.\n81  \n82  ------------------------------------------------------------\n83  \n84  \n85  ====================================\n86  Resource Usage At End Of Rendering\n87  ====================================\n88   110.897 Mb	Peak total size(Estimated)\n89    12.996 Mb	Peak arena size\n90  ====================================\n91    24.360 Mb	Heap\n92     0.332 Mb	Data Blocks\n93     7.008 Mb	Render Cache\n94     5.469 Mb	MEL\n95     0.125 Mb	Transforms\n96     0.002 Mb	arguments\n97     0.062 Mb	Arrays\n98  ====================================\n99  Total Time For Render (hh:mm:ss): 00:00:00\n100  Total Elapsed Time For Maya (hh:mm:ss): 00:00:04\n101  Scene /mnt/rnd/mayaProject/scenes/test.mb completed.\n***GOODBYE***\n','2009-07-02 16:26:14'),(5242,169,91,4,'Finish','2009-07-02 16:26:14'),(5243,169,90,4,'<?xml version=\"1.0\" encoding=\"UTF-8\"?>\r\n<Cmd cmdModelName=\"Maya\">\r\n<Cmdarg argName=\"-e\" value=\"8\" />\r\n<Cmdarg argName=\"-s\" value=\"7\" />\r\n<Endarg argName=\"-f\" value=\"/mnt/rnd/mayaProject/scenes/test.mb\" />\r\n<Cmdarg argName=\"-b\" value=\"1\" />\r\n<Cmdarg argName=\"-r\" value=\"file\" />\r\n<Cmdarg argName=\"-proj\" value=\"/mnt/rnd/mayaProject\" />\r\n</Cmd>\r\n','2009-07-02 16:27:34'),(5244,169,80,4,'0  \n1  Starting \"/mnt/data/maya2008-x64/bin/maya\"\n2  \n3  File read in 0 seconds.\n4  Result: /mnt/rnd/mayaProject/scenes/test.mb\n5  Total Elapsed Time Since Start Of Maya (hh:mm:ss): 00:00:04\n6  ====================================\n7  Resource Usage At Start Of Rendering\n8  ====================================\n9    75.885 Mb	Peak total size(Estimated)\n10     6.059 Mb	Peak arena size\n11  ====================================\n12    24.131 Mb	Heap\n13     0.332 Mb	Data Blocks\n14     5.469 Mb	MEL\n15     0.002 Mb	arguments\n16     0.125 Mb	Transforms\n17     0.062 Mb	Arrays\n18  ====================================\n19  Rendering using 4 render processes.\n20  A default light has been created, modify defaultRenderGlobals.enableDefaultLight to change this behavior.\n21  Automatic near/far clipping values: 1.77923, 3.68612.\n22  Starting Rendering /mnt/rnd/mayaProject/images/test.7.iff.\n23  Constructing shading groups\n24  \n25  Rendering current frame.\n26  \n27  Frame triangle count: 12\n28  ====================================\n29  Resource Usage At End Of Frame\n30  ====================================\n31    86.856 Mb	Peak total size(Estimated)\n32    12.996 Mb	Peak arena size\n33  ====================================\n34    24.377 Mb	Heap\n35     0.332 Mb	Data Blocks\n36     5.469 Mb	MEL\n37     7.008 Mb	Render Cache\n38     0.007 Mb	Render Geometry Arena\n39     0.002 Mb	arguments\n40     0.125 Mb	Transforms\n41     0.062 Mb	Arrays\n42  ====================================\n43  Postprocessing rendering result.\n44  Time For Tessellation (hh:mm:ss): 00:00:00\n45  Time For Shadow Map   (hh:mm:ss): 00:00:00\n46  Time For Post Process (hh:mm:ss): 00:00:00\n47  Time For Frame Render (hh:mm:ss): 00:00:00\n48  Finished Rendering /mnt/rnd/mayaProject/images/test.7.iff.\n49  \n50  ------------------------------------------------------------\n51  \n52  \n53  Automatic near/far clipping values: 1.77923, 3.68612.\n54  Starting Rendering /mnt/rnd/mayaProject/images/test.8.iff.\n55  Constructing shading groups\n56  \n57  Rendering current frame.\n58  \n59  Frame triangle count: 12\n60  ====================================\n61  Resource Usage At End Of Frame\n62  ====================================\n63   103.699 Mb	Peak total size(Estimated)\n64    20.004 Mb	Peak arena size\n65  ====================================\n66    34.378 Mb	Heap\n67     0.332 Mb	Data Blocks\n68     7.008 Mb	Render Cache\n69     5.469 Mb	MEL\n70     0.007 Mb	Render Geometry Arena\n71     0.002 Mb	arguments\n72     0.125 Mb	Transforms\n73     0.062 Mb	Arrays\n74  ====================================\n75  Postprocessing rendering result.\n76  Time For Tessellation (hh:mm:ss): 00:00:00\n77  Time For Shadow Map   (hh:mm:ss): 00:00:00\n78  Time For Post Process (hh:mm:ss): 00:00:00\n79  Time For Frame Render (hh:mm:ss): 00:00:00\n80  Finished Rendering /mnt/rnd/mayaProject/images/test.8.iff.\n81  \n82  ------------------------------------------------------------\n83  \n84  \n85  ====================================\n86  Resource Usage At End Of Rendering\n87  ====================================\n88   103.699 Mb	Peak total size(Estimated)\n89    12.996 Mb	Peak arena size\n90  ====================================\n91    24.321 Mb	Heap\n92     0.332 Mb	Data Blocks\n93     7.008 Mb	Render Cache\n94     5.469 Mb	MEL\n95     0.002 Mb	arguments\n96     0.125 Mb	Transforms\n97     0.062 Mb	Arrays\n98  ====================================\n99  Total Time For Render (hh:mm:ss): 00:00:00\n100  Total Elapsed Time For Maya (hh:mm:ss): 00:00:04\n101  Scene /mnt/rnd/mayaProject/scenes/test.mb completed.\n***GOODBYE***\n','2009-07-02 16:27:40'),(5245,169,91,4,'Finish','2009-07-02 16:27:40'),(5246,166,90,4,'<?xml version=\"1.0\" encoding=\"UTF-8\"?>\r\n<Cmd cmdModelName=\"Maya\">\r\n<Cmdarg argName=\"-s\" value=\"1\" />\r\n<Cmdarg argName=\"-e\" value=\"2\" />\r\n<Cmdarg argName=\"-b\" value=\"1\" />\r\n<Cmdarg argName=\"-proj\" value=\"/mnt/rnd/mayaProject\" />\r\n<Cmdarg argName=\"-r\" value=\"file\" />\r\n<Endarg argName=\"-f\" value=\"/mnt/rnd/mayaProject/scenes/test.mb\" />\r\n</Cmd>\r\n','2009-07-02 16:27:54'),(5247,166,80,4,'0  \n1  Starting \"/mnt/data/maya2008-x64/bin/maya\"\n2  \n3  File read in 0 seconds.\n4  Result: /mnt/rnd/mayaProject/scenes/test.mb\n5  Total Elapsed Time Since Start Of Maya (hh:mm:ss): 00:00:04\n6  ====================================\n7  Resource Usage At Start Of Rendering\n8  ====================================\n9    75.885 Mb	Peak total size(Estimated)\n10     6.059 Mb	Peak arena size\n11  ====================================\n12    24.129 Mb	Heap\n13     0.332 Mb	Data Blocks\n14     5.469 Mb	MEL\n15     0.002 Mb	arguments\n16     0.125 Mb	Transforms\n17     0.062 Mb	Arrays\n18  ====================================\n19  Rendering using 4 render processes.\n20  A default light has been created, modify defaultRenderGlobals.enableDefaultLight to change this behavior.\n21  Automatic near/far clipping values: 1.77923, 3.68612.\n22  Starting Rendering /mnt/rnd/mayaProject/images/test.1.iff.\n23  Constructing shading groups\n24  \n25  Rendering current frame.\n26  \n27  Frame triangle count: 12\n28  ====================================\n29  Resource Usage At End Of Frame\n30  ====================================\n31    97.492 Mb	Peak total size(Estimated)\n32    23.508 Mb	Peak arena size\n33  ====================================\n34    24.413 Mb	Heap\n35     0.332 Mb	Data Blocks\n36     5.469 Mb	MEL\n37    10.512 Mb	Render Cache\n38     0.007 Mb	Render Geometry Arena\n39     0.002 Mb	arguments\n40     0.125 Mb	Transforms\n41     0.062 Mb	Arrays\n42  ====================================\n43  Postprocessing rendering result.\n44  Time For Tessellation (hh:mm:ss): 00:00:00\n45  Time For Shadow Map   (hh:mm:ss): 00:00:00\n46  Time For Post Process (hh:mm:ss): 00:00:00\n47  Time For Frame Render (hh:mm:ss): 00:00:00\n48  Finished Rendering /mnt/rnd/mayaProject/images/test.1.iff.\n49  \n50  ------------------------------------------------------------\n51  \n52  \n53  Automatic near/far clipping values: 1.77923, 3.68612.\n54  Starting Rendering /mnt/rnd/mayaProject/images/test.2.iff.\n55  Constructing shading groups\n56  \n57  Rendering current frame.\n58  \n59  Frame triangle count: 12\n60  ====================================\n61  Resource Usage At End Of Frame\n62  ====================================\n63   107.188 Mb	Peak total size(Estimated)\n64    23.508 Mb	Peak arena size\n65  ====================================\n66    34.414 Mb	Heap\n67     0.332 Mb	Data Blocks\n68     7.008 Mb	Render Cache\n69     5.469 Mb	MEL\n70     0.007 Mb	Render Geometry Arena\n71     0.002 Mb	arguments\n72     0.125 Mb	Transforms\n73     0.062 Mb	Arrays\n74  ====================================\n75  Postprocessing rendering result.\n76  Time For Tessellation (hh:mm:ss): 00:00:00\n77  Time For Shadow Map   (hh:mm:ss): 00:00:00\n78  Time For Post Process (hh:mm:ss): 00:00:00\n79  Time For Frame Render (hh:mm:ss): 00:00:00\n80  Finished Rendering /mnt/rnd/mayaProject/images/test.2.iff.\n81  \n82  ------------------------------------------------------------\n83  \n84  \n85  ====================================\n86  Resource Usage At End Of Rendering\n87  ====================================\n88   107.188 Mb	Peak total size(Estimated)\n89    12.996 Mb	Peak arena size\n90  ====================================\n91    24.357 Mb	Heap\n92     0.332 Mb	Data Blocks\n93     7.008 Mb	Render Cache\n94     5.469 Mb	MEL\n95     0.002 Mb	arguments\n96     0.125 Mb	Transforms\n97     0.062 Mb	Arrays\n98  ====================================\n99  Total Time For Render (hh:mm:ss): 00:00:00\n100  Total Elapsed Time For Maya (hh:mm:ss): 00:00:04\n101  Scene /mnt/rnd/mayaProject/scenes/test.mb completed.\n***GOODBYE***\n','2009-07-02 16:27:59'),(5248,166,91,4,'Finish','2009-07-02 16:27:59'),(5249,167,90,4,'<?xml version=\"1.0\" encoding=\"UTF-8\"?>\r\n<Cmd cmdModelName=\"Maya\">\r\n<Cmdarg argName=\"-e\" value=\"4\" />\r\n<Cmdarg argName=\"-s\" value=\"3\" />\r\n<Cmdarg argName=\"-b\" value=\"1\" />\r\n<Cmdarg argName=\"-proj\" value=\"/mnt/rnd/mayaProject\" />\r\n<Cmdarg argName=\"-r\" value=\"file\" />\r\n<Endarg argName=\"-f\" value=\"/mnt/rnd/mayaProject/scenes/test.mb\" />\r\n</Cmd>\r\n','2009-07-02 16:28:14'),(5250,167,80,4,'0  \n1  Starting \"/mnt/data/maya2008-x64/bin/maya\"\n2  \n3  File read in 0 seconds.\n4  Result: /mnt/rnd/mayaProject/scenes/test.mb\n5  Total Elapsed Time Since Start Of Maya (hh:mm:ss): 00:00:04\n6  ====================================\n7  Resource Usage At Start Of Rendering\n8  ====================================\n9    75.884 Mb	Peak total size(Estimated)\n10     6.059 Mb	Peak arena size\n11  ====================================\n12    24.131 Mb	Heap\n13     5.469 Mb	MEL\n14     0.332 Mb	Data Blocks\n15     0.125 Mb	Transforms\n16     0.062 Mb	Arrays\n17     0.002 Mb	arguments\n18  ====================================\n19  Rendering using 4 render processes.\n20  A default light has been created, modify defaultRenderGlobals.enableDefaultLight to change this behavior.\n21  Automatic near/far clipping values: 1.77923, 3.68612.\n22  Starting Rendering /mnt/rnd/mayaProject/images/test.3.iff.\n23  Constructing shading groups\n24  \n25  Rendering current frame.\n26  \n27  Frame triangle count: 12\n28  ====================================\n29  Resource Usage At End Of Frame\n30  ====================================\n31    97.519 Mb	Peak total size(Estimated)\n32    23.508 Mb	Peak arena size\n33  ====================================\n34    24.415 Mb	Heap\n35     5.469 Mb	MEL\n36     0.332 Mb	Data Blocks\n37    10.512 Mb	Render Cache\n38     0.007 Mb	Render Geometry Arena\n39     0.125 Mb	Transforms\n40     0.062 Mb	Arrays\n41     0.002 Mb	arguments\n42  ====================================\n43  Postprocessing rendering result.\n44  Time For Tessellation (hh:mm:ss): 00:00:00\n45  Time For Shadow Map   (hh:mm:ss): 00:00:00\n46  Time For Post Process (hh:mm:ss): 00:00:00\n47  Time For Frame Render (hh:mm:ss): 00:00:00\n48  Finished Rendering /mnt/rnd/mayaProject/images/test.3.iff.\n49  \n50  ------------------------------------------------------------\n51  \n52  \n53  Automatic near/far clipping values: 1.77923, 3.68612.\n54  Starting Rendering /mnt/rnd/mayaProject/images/test.4.iff.\n55  Constructing shading groups\n56  \n57  Rendering current frame.\n58  \n59  Frame triangle count: 12\n60  ====================================\n61  Resource Usage At End Of Frame\n62  ====================================\n63   107.190 Mb	Peak total size(Estimated)\n64    23.508 Mb	Peak arena size\n65  ====================================\n66    34.416 Mb	Heap\n67     5.469 Mb	MEL\n68     0.332 Mb	Data Blocks\n69     7.008 Mb	Render Cache\n70     0.007 Mb	Render Geometry Arena\n71     0.125 Mb	Transforms\n72     0.062 Mb	Arrays\n73     0.002 Mb	arguments\n74  ====================================\n75  Postprocessing rendering result.\n76  Time For Tessellation (hh:mm:ss): 00:00:00\n77  Time For Shadow Map   (hh:mm:ss): 00:00:00\n78  Time For Post Process (hh:mm:ss): 00:00:00\n79  Time For Frame Render (hh:mm:ss): 00:00:00\n80  Finished Rendering /mnt/rnd/mayaProject/images/test.4.iff.\n81  \n82  ------------------------------------------------------------\n83  \n84  \n85  ====================================\n86  Resource Usage At End Of Rendering\n87  ====================================\n88   107.190 Mb	Peak total size(Estimated)\n89    12.996 Mb	Peak arena size\n90  ====================================\n91    24.358 Mb	Heap\n92     5.469 Mb	MEL\n93     0.332 Mb	Data Blocks\n94     7.008 Mb	Render Cache\n95     0.125 Mb	Transforms\n96     0.062 Mb	Arrays\n97     0.002 Mb	arguments\n98  ====================================\n99  Total Time For Render (hh:mm:ss): 00:00:00\n100  Total Elapsed Time For Maya (hh:mm:ss): 00:00:04\n101  Scene /mnt/rnd/mayaProject/scenes/test.mb completed.\n***GOODBYE***\n','2009-07-02 16:28:20'),(5251,167,91,4,'Finish','2009-07-02 16:28:20'),(5252,168,90,4,'<?xml version=\"1.0\" encoding=\"UTF-8\"?>\r\n<Cmd cmdModelName=\"Maya\">\r\n<Cmdarg argName=\"-s\" value=\"5\" />\r\n<Cmdarg argName=\"-e\" value=\"6\" />\r\n<Cmdarg argName=\"-b\" value=\"1\" />\r\n<Cmdarg argName=\"-proj\" value=\"/mnt/rnd/mayaProject\" />\r\n<Cmdarg argName=\"-r\" value=\"file\" />\r\n<Endarg argName=\"-f\" value=\"/mnt/rnd/mayaProject/scenes/test.mb\" />\r\n</Cmd>\r\n','2009-07-02 16:28:34'),(5253,168,80,4,'0  \n1  Starting \"/mnt/data/maya2008-x64/bin/maya\"\n2  \n3  File read in 0 seconds.\n4  Result: /mnt/rnd/mayaProject/scenes/test.mb\n5  Total Elapsed Time Since Start Of Maya (hh:mm:ss): 00:00:04\n6  ====================================\n7  Resource Usage At Start Of Rendering\n8  ====================================\n9    75.885 Mb	Peak total size(Estimated)\n10     6.059 Mb	Peak arena size\n11  ====================================\n12    24.134 Mb	Heap\n13     0.332 Mb	Data Blocks\n14     5.469 Mb	MEL\n15     0.125 Mb	Transforms\n16     0.002 Mb	arguments\n17     0.062 Mb	Arrays\n18  ====================================\n19  Rendering using 4 render processes.\n20  A default light has been created, modify defaultRenderGlobals.enableDefaultLight to change this behavior.\n21  Automatic near/far clipping values: 1.77923, 3.68612.\n22  Starting Rendering /mnt/rnd/mayaProject/images/test.5.iff.\n23  Constructing shading groups\n24  \n25  Rendering current frame.\n26  \n27  Frame triangle count: 12\n28  ====================================\n29  Resource Usage At End Of Frame\n30  ====================================\n31   104.495 Mb	Peak total size(Estimated)\n32    30.516 Mb	Peak arena size\n33  ====================================\n34    24.418 Mb	Heap\n35     0.332 Mb	Data Blocks\n36     5.469 Mb	MEL\n37    10.512 Mb	Render Cache\n38     0.007 Mb	Render Geometry Arena\n39     0.125 Mb	Transforms\n40     0.002 Mb	arguments\n41     0.062 Mb	Arrays\n42  ====================================\n43  Postprocessing rendering result.\n44  Time For Tessellation (hh:mm:ss): 00:00:00\n45  Time For Shadow Map   (hh:mm:ss): 00:00:00\n46  Time For Post Process (hh:mm:ss): 00:00:00\n47  Time For Frame Render (hh:mm:ss): 00:00:00\n48  Finished Rendering /mnt/rnd/mayaProject/images/test.5.iff.\n49  \n50  ------------------------------------------------------------\n51  \n52  \n53  Automatic near/far clipping values: 1.77923, 3.68612.\n54  Starting Rendering /mnt/rnd/mayaProject/images/test.6.iff.\n55  Constructing shading groups\n56  \n57  Rendering current frame.\n58  \n59  Frame triangle count: 12\n60  ====================================\n61  Resource Usage At End Of Frame\n62  ====================================\n63   110.950 Mb	Peak total size(Estimated)\n64    27.012 Mb	Peak arena size\n65  ====================================\n66    34.419 Mb	Heap\n67     0.332 Mb	Data Blocks\n68     7.008 Mb	Render Cache\n69     5.469 Mb	MEL\n70     0.125 Mb	Transforms\n71     0.007 Mb	Render Geometry Arena\n72     0.002 Mb	arguments\n73     0.062 Mb	Arrays\n74  ====================================\n75  Postprocessing rendering result.\n76  Time For Tessellation (hh:mm:ss): 00:00:00\n77  Time For Shadow Map   (hh:mm:ss): 00:00:00\n78  Time For Post Process (hh:mm:ss): 00:00:00\n79  Time For Frame Render (hh:mm:ss): 00:00:00\n80  Finished Rendering /mnt/rnd/mayaProject/images/test.6.iff.\n81  \n82  ------------------------------------------------------------\n83  \n84  \n85  ====================================\n86  Resource Usage At End Of Rendering\n87  ====================================\n88   110.950 Mb	Peak total size(Estimated)\n89    12.996 Mb	Peak arena size\n90  ====================================\n91    24.361 Mb	Heap\n92     0.332 Mb	Data Blocks\n93     7.008 Mb	Render Cache\n94     5.469 Mb	MEL\n95     0.125 Mb	Transforms\n96     0.002 Mb	arguments\n97     0.062 Mb	Arrays\n98  ====================================\n99  Total Time For Render (hh:mm:ss): 00:00:00\n100  Total Elapsed Time For Maya (hh:mm:ss): 00:00:04\n101  Scene /mnt/rnd/mayaProject/scenes/test.mb completed.\n***GOODBYE***\n','2009-07-02 16:28:40'),(5254,168,91,4,'Finish','2009-07-02 16:28:40'),(5255,170,90,4,'<?xml version=\"1.0\" encoding=\"UTF-8\"?>\r\n<Cmd cmdModelName=\"Maya\">\r\n<Cmdarg argName=\"-e\" value=\"10\" />\r\n<Cmdarg argName=\"-s\" value=\"9\" />\r\n<Cmdarg argName=\"-b\" value=\"1\" />\r\n<Cmdarg argName=\"-proj\" value=\"/mnt/rnd/mayaProject\" />\r\n<Cmdarg argName=\"-r\" value=\"file\" />\r\n<Endarg argName=\"-f\" value=\"/mnt/rnd/mayaProject/scenes/test.mb\" />\r\n</Cmd>\r\n','2009-07-02 16:28:54'),(5256,170,80,4,'0  \r\n1  Starting \"/mnt/data/maya2008-x64/bin/maya\"\r\n2  \r\n3  File read in 0 seconds.\r\n4  Result: /mnt/rnd/mayaProject/scenes/test.mb\r\n5  Total Elapsed Time Since Start Of Maya (hh:mm:ss): 00:00:04\r\n6  ====================================\r\n7  Resource Usage At Start Of Rendering\r\n8  ====================================\r\n9    75.885 Mb	Peak total size(Estimated)\r\n10     6.059 Mb	Peak arena size\r\n11  ====================================\r\n12    24.133 Mb	Heap\r\n13     0.002 Mb	arguments\r\n14     5.469 Mb	MEL\r\n15     0.332 Mb	Data Blocks\r\n16     0.125 Mb	Transforms\r\n17     0.062 Mb	Arrays\r\n18  ====================================\r\n19  Rendering using 4 render processes.\r\n20  A default light has been created, modify defaultRenderGlobals.enableDefaultLight to change this behavior.\r\n21  Automatic near/far clipping values: 1.77923, 3.68612.\r\n22  Starting Rendering /mnt/rnd/mayaProject/images/test.9.iff.\r\n23  Constructing shading groups\r\n24  \r\n25  Rendering current frame.\r\n26  \r\n27  Frame triangle count: 12\r\n28  ====================================\r\n29  Resource Usage At End Of Frame\r\n30  ====================================\r\n31    97.461 Mb	Peak total size(Estimated)\r\n32    23.508 Mb	Peak arena size\r\n33  ====================================\r\n34    24.379 Mb	Heap\r\n35     0.002 Mb	arguments\r\n36     5.469 Mb	MEL\r\n37     0.332 Mb	Data Blocks\r\n38     7.008 Mb	Render Cache\r\n39     0.125 Mb	Transforms\r\n40     0.007 Mb	Render Geometry Arena\r\n41     0.062 Mb	Arrays\r\n42  ====================================\r\n43  Postprocessing rendering result.\r\n44  Time For Tessellation (hh:mm:ss): 00:00:00\r\n45  Time For Shadow Map   (hh:mm:ss): 00:00:00\r\n46  Time For Post Process (hh:mm:ss): 00:00:00\r\n47  Time For Frame Render (hh:mm:ss): 00:00:00\r\n48  Finished Rendering /mnt/rnd/mayaProject/images/test.9.iff.\r\n49  \r\n50  ------------------------------------------------------------\r\n51  \r\n52  \r\n53  Automatic near/far clipping values: 1.77923, 3.68612.\r\n54  Starting Rendering /mnt/rnd/mayaProject/images/test.10.iff.\r\n55  Constructing shading groups\r\n56  \r\n57  Rendering current frame.\r\n58  \r\n59  Frame triangle count: 12\r\n60  ====================================\r\n61  Resource Usage At End Of Frame\r\n62  ====================================\r\n63    97.461 Mb	Peak total size(Estimated)\r\n64    12.996 Mb	Peak arena size\r\n65  ====================================\r\n66    34.380 Mb	Heap\r\n67     0.002 Mb	arguments\r\n68     5.469 Mb	MEL\r\n69     0.332 Mb	Data Blocks\r\n70     7.008 Mb	Render Cache\r\n71     0.125 Mb	Transforms\r\n72     0.007 Mb	Render Geometry Arena\r\n73     0.062 Mb	Arrays\r\n74  ====================================\r\n75  Postprocessing rendering result.\r\n76  Time For Tessellation (hh:mm:ss): 00:00:00\r\n77  Time For Shadow Map   (hh:mm:ss): 00:00:00\r\n78  Time For Post Process (hh:mm:ss): 00:00:00\r\n79  Time For Frame Render (hh:mm:ss): 00:00:00\r\n80  Finished Rendering /mnt/rnd/mayaProject/images/test.10.iff.\r\n81  \r\n82  ------------------------------------------------------------\r\n83  \r\n84  \r\n85  ====================================\r\n86  Resource Usage At End Of Rendering\r\n87  ====================================\r\n88    97.461 Mb	Peak total size(Estimated)\r\n89    12.996 Mb	Peak arena size\r\n90  ====================================\r\n91    24.322 Mb	Heap\r\n92     0.002 Mb	arguments\r\n93     5.469 Mb	MEL\r\n94     0.332 Mb	Data Blocks\r\n95     7.008 Mb	Render Cache\r\n96     0.125 Mb	Transforms\r\n97     0.062 Mb	Arrays\r\n98  ====================================\r\n99  Total Time For Render (hh:mm:ss): 00:00:00\r\n100  Total Elapsed Time For Maya (hh:mm:ss): 00:00:04\r\n101  Scene /mnt/rnd/mayaProject/scenes/test.mb completed.\r\n***GOODBYE***\r\n','2009-07-02 16:29:00'),(5257,170,91,4,'Finish','2009-07-02 16:29:00'),(5258,169,90,4,'<?xml version=\"1.0\" encoding=\"UTF-8\"?>\r\n<Cmd cmdModelName=\"Maya\">\r\n<Cmdarg argName=\"-e\" value=\"8\" />\r\n<Cmdarg argName=\"-s\" value=\"7\" />\r\n<Cmdarg argName=\"-b\" value=\"1\" />\r\n<Cmdarg argName=\"-proj\" value=\"/mnt/rnd/mayaProject\" />\r\n<Cmdarg argName=\"-r\" value=\"file\" />\r\n<Endarg argName=\"\" value=\"/mnt/rnd/mayaProject/scenes/test.mb\" />\r\n</Cmd>\r\n','2009-07-02 16:56:52'),(5259,169,80,4,'0  \n1  Starting \"/mnt/data/maya2008-x64/bin/maya\"\n2  \n3  File read in 0 seconds.\n4  Result: /mnt/rnd/mayaProject/scenes/test.mb\n5  Total Elapsed Time Since Start Of Maya (hh:mm:ss): 00:00:04\n6  ====================================\n7  Resource Usage At Start Of Rendering\n8  ====================================\n9    75.885 Mb	Peak total size(Estimated)\n10     6.059 Mb	Peak arena size\n11  ====================================\n12    24.133 Mb	Heap\n13     5.469 Mb	MEL\n14     0.332 Mb	Data Blocks\n15     0.125 Mb	Transforms\n16     0.062 Mb	Arrays\n17     0.002 Mb	arguments\n18  ====================================\n19  Rendering using 4 render processes.\n20  A default light has been created, modify defaultRenderGlobals.enableDefaultLight to change this behavior.\n21  Automatic near/far clipping values: 1.77923, 3.68612.\n22  Starting Rendering /mnt/rnd/mayaProject/images/test.7.iff.\n23  Constructing shading groups\n24  \n25  Rendering current frame.\n26  \n27  Frame triangle count: 12\n28  ====================================\n29  Resource Usage At End Of Frame\n30  ====================================\n31   101.064 Mb	Peak total size(Estimated)\n32    27.012 Mb	Peak arena size\n33  ====================================\n34    24.417 Mb	Heap\n35     5.469 Mb	MEL\n36     0.332 Mb	Data Blocks\n37    10.512 Mb	Render Cache\n38     0.125 Mb	Transforms\n39     0.062 Mb	Arrays\n40     0.002 Mb	arguments\n41     0.007 Mb	Render Geometry Arena\n42  ====================================\n43  Postprocessing rendering result.\n44  Time For Tessellation (hh:mm:ss): 00:00:00\n45  Time For Shadow Map   (hh:mm:ss): 00:00:00\n46  Time For Post Process (hh:mm:ss): 00:00:00\n47  Time For Frame Render (hh:mm:ss): 00:00:00\n48  Finished Rendering /mnt/rnd/mayaProject/images/test.7.iff.\n49  \n50  ------------------------------------------------------------\n51  \n52  \n53  Automatic near/far clipping values: 1.77923, 3.68612.\n54  Starting Rendering /mnt/rnd/mayaProject/images/test.8.iff.\n55  Constructing shading groups\n56  \n57  Rendering current frame.\n58  \n59  Frame triangle count: 12\n60  ====================================\n61  Resource Usage At End Of Frame\n62  ====================================\n63   110.911 Mb	Peak total size(Estimated)\n64    27.012 Mb	Peak arena size\n65  ====================================\n66    34.418 Mb	Heap\n67     5.469 Mb	MEL\n68     0.332 Mb	Data Blocks\n69     7.008 Mb	Render Cache\n70     0.125 Mb	Transforms\n71     0.062 Mb	Arrays\n72     0.007 Mb	Render Geometry Arena\n73     0.002 Mb	arguments\n74  ====================================\n75  Postprocessing rendering result.\n76  Time For Tessellation (hh:mm:ss): 00:00:00\n77  Time For Shadow Map   (hh:mm:ss): 00:00:00\n78  Time For Post Process (hh:mm:ss): 00:00:00\n79  Time For Frame Render (hh:mm:ss): 00:00:00\n80  Finished Rendering /mnt/rnd/mayaProject/images/test.8.iff.\n81  \n82  ------------------------------------------------------------\n83  \n84  \n85  ====================================\n86  Resource Usage At End Of Rendering\n87  ====================================\n88   110.911 Mb	Peak total size(Estimated)\n89    12.996 Mb	Peak arena size\n90  ====================================\n91    24.360 Mb	Heap\n92     5.469 Mb	MEL\n93     0.332 Mb	Data Blocks\n94     7.008 Mb	Render Cache\n95     0.125 Mb	Transforms\n96     0.062 Mb	Arrays\n97     0.002 Mb	arguments\n98  ====================================\n99  Total Time For Render (hh:mm:ss): 00:00:00\n100  Total Elapsed Time For Maya (hh:mm:ss): 00:00:04\n101  Scene /mnt/rnd/mayaProject/scenes/test.mb completed.\n***GOODBYE***\n','2009-07-02 16:56:57'),(5260,169,91,4,'Finish','2009-07-02 16:56:57'),(5261,121,99,2,'SendError: <?xml version=\"1.0\" encoding=\"UTF-8\"?>\r\n<Cmd cmdModelName=\"Maya\">\r\n<Cmdarg argName=\"-e\" value=\"2\" />\r\n<Cmdarg argName=\"-s\" value=\"1\" />\r\n<Cmdarg argName=\"-b\" value=\"1\" />\r\n<Cmdarg argName=\"-proj\" value=\"/mnt/rnd/mayaProject\" />\r\n<Endarg argName=\"\" value=\"/mnt/rnd/mayaProject/scenes/test.mb\" />\r\n<Cmdarg argName=\"-r\" value=\"file\" />\r\n</Cmd>\r\n','2009-07-02 17:09:13'),(5262,122,90,2,'<?xml version=\"1.0\" encoding=\"UTF-8\"?>\r\n<Cmd cmdModelName=\"Maya\">\r\n<Cmdarg argName=\"-s\" value=\"3\" />\r\n<Cmdarg argName=\"-e\" value=\"4\" />\r\n<Cmdarg argName=\"-b\" value=\"1\" />\r\n<Cmdarg argName=\"-proj\" value=\"/mnt/rnd/mayaProject\" />\r\n<Endarg argName=\"\" value=\"/mnt/rnd/mayaProject/scenes/test.mb\" />\r\n<Cmdarg argName=\"-r\" value=\"file\" />\r\n</Cmd>\r\n','2009-07-02 17:09:54'),(5263,122,81,2,'','2009-07-02 17:09:54'),(5264,123,90,2,'<?xml version=\"1.0\" encoding=\"UTF-8\"?>\r\n<Cmd cmdModelName=\"Maya\">\r\n<Cmdarg argName=\"-s\" value=\"5\" />\r\n<Cmdarg argName=\"-e\" value=\"6\" />\r\n<Cmdarg argName=\"-b\" value=\"1\" />\r\n<Cmdarg argName=\"-proj\" value=\"/mnt/rnd/mayaProject\" />\r\n<Endarg argName=\"\" value=\"/mnt/rnd/mayaProject/scenes/test.mb\" />\r\n<Cmdarg argName=\"-r\" value=\"file\" />\r\n</Cmd>\r\n','2009-07-02 17:10:34'),(5265,123,81,2,'','2009-07-02 17:10:34'),(5266,124,99,2,'SendError: <?xml version=\"1.0\" encoding=\"UTF-8\"?>\r\n<Cmd cmdModelName=\"Maya\">\r\n<Cmdarg argName=\"-e\" value=\"8\" />\r\n<Cmdarg argName=\"-s\" value=\"7\" />\r\n<Cmdarg argName=\"-b\" value=\"1\" />\r\n<Cmdarg argName=\"-proj\" value=\"/mnt/rnd/mayaProject\" />\r\n<Endarg argName=\"\" value=\"/mnt/rnd/mayaProject/scenes/test.mb\" />\r\n<Cmdarg argName=\"-r\" value=\"file\" />\r\n</Cmd>\r\n','2009-07-02 17:11:15'),(5267,125,90,4,'<?xml version=\"1.0\" encoding=\"UTF-8\"?>\r\n<Cmd cmdModelName=\"Maya\">\r\n<Cmdarg argName=\"-e\" value=\"10\" />\r\n<Cmdarg argName=\"-s\" value=\"9\" />\r\n<Cmdarg argName=\"-b\" value=\"1\" />\r\n<Cmdarg argName=\"-proj\" value=\"/mnt/rnd/mayaProject\" />\r\n<Endarg argName=\"\" value=\"/mnt/rnd/mayaProject/scenes/test.mb\" />\r\n<Cmdarg argName=\"-r\" value=\"file\" />\r\n</Cmd>\r\n','2009-07-02 17:12:55'),(5268,125,80,4,'0  \r\n1  Starting \"/mnt/data/maya2008-x64/bin/maya\"\r\n2  \r\n3  File read in 0 seconds.\r\n4  Result: /mnt/rnd/mayaProject/scenes/test.mb\r\n5  Total Elapsed Time Since Start Of Maya (hh:mm:ss): 00:00:04\r\n6  ====================================\r\n7  Resource Usage At Start Of Rendering\r\n8  ====================================\r\n9    75.885 Mb	Peak total size(Estimated)\r\n10     6.059 Mb	Peak arena size\r\n11  ====================================\r\n12    24.133 Mb	Heap\r\n13     0.332 Mb	Data Blocks\r\n14     5.469 Mb	MEL\r\n15     0.125 Mb	Transforms\r\n16     0.002 Mb	arguments\r\n17     0.062 Mb	Arrays\r\n18  ====================================\r\n19  Rendering using 4 render processes.\r\n20  A default light has been created, modify defaultRenderGlobals.enableDefaultLight to change this behavior.\r\n21  Automatic near/far clipping values: 1.77923, 3.68612.\r\n22  Starting Rendering /mnt/rnd/mayaProject/images/test.9.iff.\r\n23  Constructing shading groups\r\n24  \r\n25  Rendering current frame.\r\n26  \r\n27  Frame triangle count: 12\r\n28  ====================================\r\n29  Resource Usage At End Of Frame\r\n30  ====================================\r\n31   104.495 Mb	Peak total size(Estimated)\r\n32    30.516 Mb	Peak arena size\r\n33  ====================================\r\n34    24.417 Mb	Heap\r\n35     0.332 Mb	Data Blocks\r\n36     5.469 Mb	MEL\r\n37     7.008 Mb	Render Cache\r\n38     0.125 Mb	Transforms\r\n39     0.002 Mb	arguments\r\n40     0.007 Mb	Render Geometry Arena\r\n41     0.062 Mb	Arrays\r\n42  ====================================\r\n43  Postprocessing rendering result.\r\n44  Time For Tessellation (hh:mm:ss): 00:00:00\r\n45  Time For Shadow Map   (hh:mm:ss): 00:00:00\r\n46  Time For Post Process (hh:mm:ss): 00:00:00\r\n47  Time For Frame Render (hh:mm:ss): 00:00:00\r\n48  Finished Rendering /mnt/rnd/mayaProject/images/test.9.iff.\r\n49  \r\n50  ------------------------------------------------------------\r\n51  \r\n52  \r\n53  Automatic near/far clipping values: 1.77923, 3.68612.\r\n54  Starting Rendering /mnt/rnd/mayaProject/images/test.10.iff.\r\n55  Constructing shading groups\r\n56  \r\n57  Rendering current frame.\r\n58  \r\n59  Frame triangle count: 12\r\n60  ====================================\r\n61  Resource Usage At End Of Frame\r\n62  ====================================\r\n63   114.371 Mb	Peak total size(Estimated)\r\n64    30.516 Mb	Peak arena size\r\n65  ====================================\r\n66    34.417 Mb	Heap\r\n67     0.332 Mb	Data Blocks\r\n68     5.469 Mb	MEL\r\n69     0.125 Mb	Transforms\r\n70     7.008 Mb	Render Cache\r\n71     0.002 Mb	arguments\r\n72     0.007 Mb	Render Geometry Arena\r\n73     0.062 Mb	Arrays\r\n74  ====================================\r\n75  Postprocessing rendering result.\r\n76  Time For Tessellation (hh:mm:ss): 00:00:00\r\n77  Time For Shadow Map   (hh:mm:ss): 00:00:00\r\n78  Time For Post Process (hh:mm:ss): 00:00:00\r\n79  Time For Frame Render (hh:mm:ss): 00:00:00\r\n80  Finished Rendering /mnt/rnd/mayaProject/images/test.10.iff.\r\n81  \r\n82  ------------------------------------------------------------\r\n83  \r\n84  \r\n85  ====================================\r\n86  Resource Usage At End Of Rendering\r\n87  ====================================\r\n88   114.371 Mb	Peak total size(Estimated)\r\n89    12.996 Mb	Peak arena size\r\n90  ====================================\r\n91    24.360 Mb	Heap\r\n92     0.332 Mb	Data Blocks\r\n93     5.469 Mb	MEL\r\n94     0.125 Mb	Transforms\r\n95     7.008 Mb	Render Cache\r\n96     0.002 Mb	arguments\r\n97     0.062 Mb	Arrays\r\n98  ====================================\r\n99  Total Time For Render (hh:mm:ss): 00:00:00\r\n100  Total Elapsed Time For Maya (hh:mm:ss): 00:00:04\r\n101  Scene /mnt/rnd/mayaProject/scenes/test.mb completed.\r\n***GOODBYE***\r\n','2009-07-02 17:12:59'),(5269,125,91,4,'Finish','2009-07-02 17:12:59'),(5270,121,90,4,'<?xml version=\"1.0\" encoding=\"UTF-8\"?>\r\n<Cmd cmdModelName=\"Maya\">\r\n<Cmdarg argName=\"-s\" value=\"1\" />\r\n<Cmdarg argName=\"-e\" value=\"2\" />\r\n<Cmdarg argName=\"-r\" value=\"file\" />\r\n<Cmdarg argName=\"-b\" value=\"1\" />\r\n<Cmdarg argName=\"-proj\" value=\"/mnt/rnd/mayaProject\" />\r\n<Endarg argName=\"\" value=\"/mnt/rnd/mayaProject/scenes/test.mb\" />\r\n</Cmd>\r\n','2009-07-02 17:13:15'),(5271,121,80,4,'0  \r\n1  Starting \"/mnt/data/maya2008-x64/bin/maya\"\r\n2  \r\n3  File read in 0 seconds.\r\n4  Result: /mnt/rnd/mayaProject/scenes/test.mb\r\n5  Total Elapsed Time Since Start Of Maya (hh:mm:ss): 00:00:04\r\n6  ====================================\r\n7  Resource Usage At Start Of Rendering\r\n8  ====================================\r\n9    75.884 Mb	Peak total size(Estimated)\r\n10     6.059 Mb	Peak arena size\r\n11  ====================================\r\n12    24.132 Mb	Heap\r\n13     0.332 Mb	Data Blocks\r\n14     5.469 Mb	MEL\r\n15     0.002 Mb	arguments\r\n16     0.125 Mb	Transforms\r\n17     0.062 Mb	Arrays\r\n18  ====================================\r\n19  Rendering using 4 render processes.\r\n20  A default light has been created, modify defaultRenderGlobals.enableDefaultLight to change this behavior.\r\n21  Automatic near/far clipping values: 1.77923, 3.68612.\r\n22  Starting Rendering /mnt/rnd/mayaProject/images/test.1.iff.\r\n23  Constructing shading groups\r\n24  \r\n25  Rendering current frame.\r\n26  \r\n27  Frame triangle count: 12\r\n28  ====================================\r\n29  Resource Usage At End Of Frame\r\n30  ====================================\r\n31   104.550 Mb	Peak total size(Estimated)\r\n32    30.516 Mb	Peak arena size\r\n33  ====================================\r\n34    24.416 Mb	Heap\r\n35     0.332 Mb	Data Blocks\r\n36     5.469 Mb	MEL\r\n37    10.512 Mb	Render Cache\r\n38     0.002 Mb	arguments\r\n39     0.007 Mb	Render Geometry Arena\r\n40     0.125 Mb	Transforms\r\n41     0.062 Mb	Arrays\r\n42  ====================================\r\n43  Postprocessing rendering result.\r\n44  Time For Tessellation (hh:mm:ss): 00:00:00\r\n45  Time For Shadow Map   (hh:mm:ss): 00:00:00\r\n46  Time For Post Process (hh:mm:ss): 00:00:00\r\n47  Time For Frame Render (hh:mm:ss): 00:00:00\r\n48  Finished Rendering /mnt/rnd/mayaProject/images/test.1.iff.\r\n49  \r\n50  ------------------------------------------------------------\r\n51  \r\n52  \r\n53  Automatic near/far clipping values: 1.77923, 3.68612.\r\n54  Starting Rendering /mnt/rnd/mayaProject/images/test.2.iff.\r\n55  Constructing shading groups\r\n56  \r\n57  Rendering current frame.\r\n58  \r\n59  Frame triangle count: 12\r\n60  ====================================\r\n61  Resource Usage At End Of Frame\r\n62  ====================================\r\n63   103.701 Mb	Peak total size(Estimated)\r\n64    20.004 Mb	Peak arena size\r\n65  ====================================\r\n66    34.417 Mb	Heap\r\n67     0.332 Mb	Data Blocks\r\n68     5.469 Mb	MEL\r\n69    10.512 Mb	Render Cache\r\n70     0.002 Mb	arguments\r\n71     0.007 Mb	Render Geometry Arena\r\n72     0.125 Mb	Transforms\r\n73     0.062 Mb	Arrays\r\n74  ====================================\r\n75  Postprocessing rendering result.\r\n76  Time For Tessellation (hh:mm:ss): 00:00:00\r\n77  Time For Shadow Map   (hh:mm:ss): 00:00:00\r\n78  Time For Post Process (hh:mm:ss): 00:00:00\r\n79  Time For Frame Render (hh:mm:ss): 00:00:00\r\n80  Finished Rendering /mnt/rnd/mayaProject/images/test.2.iff.\r\n81  \r\n82  ------------------------------------------------------------\r\n83  \r\n84  \r\n85  ====================================\r\n86  Resource Usage At End Of Rendering\r\n87  ====================================\r\n88   103.701 Mb	Peak total size(Estimated)\r\n89    16.500 Mb	Peak arena size\r\n90  ====================================\r\n91    24.359 Mb	Heap\r\n92     0.332 Mb	Data Blocks\r\n93     5.469 Mb	MEL\r\n94     7.008 Mb	Render Cache\r\n95     0.002 Mb	arguments\r\n96     0.125 Mb	Transforms\r\n97     0.062 Mb	Arrays\r\n98  ====================================\r\n99  Total Time For Render (hh:mm:ss): 00:00:00\r\n100  Total Elapsed Time For Maya (hh:mm:ss): 00:00:04\r\n101  Scene /mnt/rnd/mayaProject/scenes/test.mb completed.\r\n***GOODBYE***\r\n','2009-07-02 17:13:19'),(5272,121,91,4,'Finish','2009-07-02 17:13:19'),(5273,122,90,4,'<?xml version=\"1.0\" encoding=\"UTF-8\"?>\r\n<Cmd cmdModelName=\"Maya\">\r\n<Cmdarg argName=\"-s\" value=\"3\" />\r\n<Cmdarg argName=\"-e\" value=\"4\" />\r\n<Cmdarg argName=\"-r\" value=\"file\" />\r\n<Cmdarg argName=\"-b\" value=\"1\" />\r\n<Cmdarg argName=\"-proj\" value=\"/mnt/rnd/mayaProject\" />\r\n<Endarg argName=\"\" value=\"/mnt/rnd/mayaProject/scenes/test.mb\" />\r\n</Cmd>\r\n','2009-07-02 17:13:35'),(5274,122,80,4,'0  \r\n1  Starting \"/mnt/data/maya2008-x64/bin/maya\"\r\n2  \r\n3  File read in 0 seconds.\r\n4  Result: /mnt/rnd/mayaProject/scenes/test.mb\r\n5  Total Elapsed Time Since Start Of Maya (hh:mm:ss): 00:00:04\r\n6  ====================================\r\n7  Resource Usage At Start Of Rendering\r\n8  ====================================\r\n9    75.883 Mb	Peak total size(Estimated)\r\n10     6.059 Mb	Peak arena size\r\n11  ====================================\r\n12    24.131 Mb	Heap\r\n13     0.332 Mb	Data Blocks\r\n14     5.469 Mb	MEL\r\n15     0.002 Mb	arguments\r\n16     0.125 Mb	Transforms\r\n17     0.062 Mb	Arrays\r\n18  ====================================\r\n19  Rendering using 4 render processes.\r\n20  A default light has been created, modify defaultRenderGlobals.enableDefaultLight to change this behavior.\r\n21  Automatic near/far clipping values: 1.77923, 3.68612.\r\n22  Starting Rendering /mnt/rnd/mayaProject/images/test.3.iff.\r\n23  Constructing shading groups\r\n24  \r\n25  Rendering current frame.\r\n26  \r\n27  Frame triangle count: 12\r\n28  ====================================\r\n29  Resource Usage At End Of Frame\r\n30  ====================================\r\n31   104.537 Mb	Peak total size(Estimated)\r\n32    30.516 Mb	Peak arena size\r\n33  ====================================\r\n34    24.377 Mb	Heap\r\n35     0.332 Mb	Data Blocks\r\n36     0.007 Mb	Render Geometry Arena\r\n37     5.469 Mb	MEL\r\n38     7.008 Mb	Render Cache\r\n39     0.002 Mb	arguments\r\n40     0.125 Mb	Transforms\r\n41     0.062 Mb	Arrays\r\n42  ====================================\r\n43  Postprocessing rendering result.\r\n44  Time For Tessellation (hh:mm:ss): 00:00:00\r\n45  Time For Shadow Map   (hh:mm:ss): 00:00:00\r\n46  Time For Post Process (hh:mm:ss): 00:00:00\r\n47  Time For Frame Render (hh:mm:ss): 00:00:00\r\n48  Finished Rendering /mnt/rnd/mayaProject/images/test.3.iff.\r\n49  \r\n50  ------------------------------------------------------------\r\n51  \r\n52  \r\n53  Automatic near/far clipping values: 1.77923, 3.68612.\r\n54  Starting Rendering /mnt/rnd/mayaProject/images/test.4.iff.\r\n55  Constructing shading groups\r\n56  \r\n57  Rendering current frame.\r\n58  \r\n59  Frame triangle count: 12\r\n60  ====================================\r\n61  Resource Usage At End Of Frame\r\n62  ====================================\r\n63   110.724 Mb	Peak total size(Estimated)\r\n64    27.012 Mb	Peak arena size\r\n65  ====================================\r\n66    34.378 Mb	Heap\r\n67     0.332 Mb	Data Blocks\r\n68     0.007 Mb	Render Geometry Arena\r\n69     5.469 Mb	MEL\r\n70     7.008 Mb	Render Cache\r\n71     0.002 Mb	arguments\r\n72     0.125 Mb	Transforms\r\n73     0.062 Mb	Arrays\r\n74  ====================================\r\n75  Postprocessing rendering result.\r\n76  Time For Tessellation (hh:mm:ss): 00:00:00\r\n77  Time For Shadow Map   (hh:mm:ss): 00:00:00\r\n78  Time For Post Process (hh:mm:ss): 00:00:00\r\n79  Time For Frame Render (hh:mm:ss): 00:00:00\r\n80  Finished Rendering /mnt/rnd/mayaProject/images/test.4.iff.\r\n81  \r\n82  ------------------------------------------------------------\r\n83  \r\n84  \r\n85  ====================================\r\n86  Resource Usage At End Of Rendering\r\n87  ====================================\r\n88   110.724 Mb	Peak total size(Estimated)\r\n89    12.996 Mb	Peak arena size\r\n90  ====================================\r\n91    24.320 Mb	Heap\r\n92     0.332 Mb	Data Blocks\r\n93     5.469 Mb	MEL\r\n94     7.008 Mb	Render Cache\r\n95     0.002 Mb	arguments\r\n96     0.125 Mb	Transforms\r\n97     0.062 Mb	Arrays\r\n98  ====================================\r\n99  Total Time For Render (hh:mm:ss): 00:00:00\r\n100  Total Elapsed Time For Maya (hh:mm:ss): 00:00:04\r\n101  Scene /mnt/rnd/mayaProject/scenes/test.mb completed.\r\n***GOODBYE***\r\n','2009-07-02 17:13:40'),(5275,122,91,4,'Finish','2009-07-02 17:13:40'),(5276,123,90,4,'<?xml version=\"1.0\" encoding=\"UTF-8\"?>\r\n<Cmd cmdModelName=\"Maya\">\r\n<Cmdarg argName=\"-e\" value=\"6\" />\r\n<Cmdarg argName=\"-s\" value=\"5\" />\r\n<Cmdarg argName=\"-r\" value=\"file\" />\r\n<Cmdarg argName=\"-b\" value=\"1\" />\r\n<Cmdarg argName=\"-proj\" value=\"/mnt/rnd/mayaProject\" />\r\n<Endarg argName=\"\" value=\"/mnt/rnd/mayaProject/scenes/test.mb\" />\r\n</Cmd>\r\n','2009-07-02 17:13:55'),(5277,123,80,4,'0  \r\n1  Starting \"/mnt/data/maya2008-x64/bin/maya\"\r\n2  \r\n3  File read in 0 seconds.\r\n4  Result: /mnt/rnd/mayaProject/scenes/test.mb\r\n5  Total Elapsed Time Since Start Of Maya (hh:mm:ss): 00:00:04\r\n6  ====================================\r\n7  Resource Usage At Start Of Rendering\r\n8  ====================================\r\n9    75.883 Mb	Peak total size(Estimated)\r\n10     6.059 Mb	Peak arena size\r\n11  ====================================\r\n12    24.130 Mb	Heap\r\n13     5.469 Mb	MEL\r\n14     0.332 Mb	Data Blocks\r\n15     0.125 Mb	Transforms\r\n16     0.062 Mb	Arrays\r\n17     0.002 Mb	arguments\r\n18  ====================================\r\n19  Rendering using 4 render processes.\r\n20  A default light has been created, modify defaultRenderGlobals.enableDefaultLight to change this behavior.\r\n21  Automatic near/far clipping values: 1.77923, 3.68612.\r\n22  Starting Rendering /mnt/rnd/mayaProject/images/test.5.iff.\r\n23  Constructing shading groups\r\n24  \r\n25  Rendering current frame.\r\n26  \r\n27  Frame triangle count: 12\r\n28  ====================================\r\n29  Resource Usage At End Of Frame\r\n30  ====================================\r\n31   104.365 Mb	Peak total size(Estimated)\r\n32    30.516 Mb	Peak arena size\r\n33  ====================================\r\n34    24.414 Mb	Heap\r\n35     5.469 Mb	MEL\r\n36    10.512 Mb	Render Cache\r\n37     0.332 Mb	Data Blocks\r\n38     0.125 Mb	Transforms\r\n39     0.062 Mb	Arrays\r\n40     0.007 Mb	Render Geometry Arena\r\n41     0.002 Mb	arguments\r\n42  ====================================\r\n43  Postprocessing rendering result.\r\n44  Time For Tessellation (hh:mm:ss): 00:00:00\r\n45  Time For Shadow Map   (hh:mm:ss): 00:00:00\r\n46  Time For Post Process (hh:mm:ss): 00:00:00\r\n47  Time For Frame Render (hh:mm:ss): 00:00:00\r\n48  Finished Rendering /mnt/rnd/mayaProject/images/test.5.iff.\r\n49  \r\n50  ------------------------------------------------------------\r\n51  \r\n52  \r\n53  Automatic near/far clipping values: 1.77923, 3.68612.\r\n54  Starting Rendering /mnt/rnd/mayaProject/images/test.6.iff.\r\n55  Constructing shading groups\r\n56  \r\n57  Rendering current frame.\r\n58  \r\n59  Frame triangle count: 12\r\n60  ====================================\r\n61  Resource Usage At End Of Frame\r\n62  ====================================\r\n63   114.216 Mb	Peak total size(Estimated)\r\n64    30.516 Mb	Peak arena size\r\n65  ====================================\r\n66    34.415 Mb	Heap\r\n67     5.469 Mb	MEL\r\n68     7.008 Mb	Render Cache\r\n69     0.332 Mb	Data Blocks\r\n70     0.125 Mb	Transforms\r\n71     0.007 Mb	Render Geometry Arena\r\n72     0.062 Mb	Arrays\r\n73     0.002 Mb	arguments\r\n74  ====================================\r\n75  Postprocessing rendering result.\r\n76  Time For Tessellation (hh:mm:ss): 00:00:00\r\n77  Time For Shadow Map   (hh:mm:ss): 00:00:00\r\n78  Time For Post Process (hh:mm:ss): 00:00:00\r\n79  Time For Frame Render (hh:mm:ss): 00:00:00\r\n80  Finished Rendering /mnt/rnd/mayaProject/images/test.6.iff.\r\n81  \r\n82  ------------------------------------------------------------\r\n83  \r\n84  \r\n85  ====================================\r\n86  Resource Usage At End Of Rendering\r\n87  ====================================\r\n88   114.216 Mb	Peak total size(Estimated)\r\n89    12.996 Mb	Peak arena size\r\n90  ====================================\r\n91    24.357 Mb	Heap\r\n92     5.469 Mb	MEL\r\n93     7.008 Mb	Render Cache\r\n94     0.332 Mb	Data Blocks\r\n95     0.125 Mb	Transforms\r\n96     0.062 Mb	Arrays\r\n97     0.002 Mb	arguments\r\n98  ====================================\r\n99  Total Time For Render (hh:mm:ss): 00:00:00\r\n100  Total Elapsed Time For Maya (hh:mm:ss): 00:00:04\r\n101  Scene /mnt/rnd/mayaProject/scenes/test.mb completed.\r\n***GOODBYE***\r\n','2009-07-02 17:14:00'),(5278,123,91,4,'Finish','2009-07-02 17:14:00'),(5279,124,90,4,'<?xml version=\"1.0\" encoding=\"UTF-8\"?>\r\n<Cmd cmdModelName=\"Maya\">\r\n<Cmdarg argName=\"-e\" value=\"8\" />\r\n<Cmdarg argName=\"-s\" value=\"7\" />\r\n<Cmdarg argName=\"-r\" value=\"file\" />\r\n<Cmdarg argName=\"-b\" value=\"1\" />\r\n<Cmdarg argName=\"-proj\" value=\"/mnt/rnd/mayaProject\" />\r\n<Endarg argName=\"\" value=\"/mnt/rnd/mayaProject/scenes/test.mb\" />\r\n</Cmd>\r\n','2009-07-02 17:14:15'),(5280,124,80,4,'0  \r\n1  Starting \"/mnt/data/maya2008-x64/bin/maya\"\r\n2  \r\n3  File read in 0 seconds.\r\n4  Result: /mnt/rnd/mayaProject/scenes/test.mb\r\n5  Total Elapsed Time Since Start Of Maya (hh:mm:ss): 00:00:04\r\n6  ====================================\r\n7  Resource Usage At Start Of Rendering\r\n8  ====================================\r\n9    75.886 Mb	Peak total size(Estimated)\r\n10     6.059 Mb	Peak arena size\r\n11  ====================================\r\n12    24.130 Mb	Heap\r\n13     5.469 Mb	MEL\r\n14     0.332 Mb	Data Blocks\r\n15     0.125 Mb	Transforms\r\n16     0.062 Mb	Arrays\r\n17     0.002 Mb	arguments\r\n18  ====================================\r\n19  Rendering using 4 render processes.\r\n20  A default light has been created, modify defaultRenderGlobals.enableDefaultLight to change this behavior.\r\n21  Automatic near/far clipping values: 1.77923, 3.68612.\r\n22  Starting Rendering /mnt/rnd/mayaProject/images/test.7.iff.\r\n23  Constructing shading groups\r\n24  \r\n25  Rendering current frame.\r\n26  \r\n27  Frame triangle count: 12\r\n28  ====================================\r\n29  Resource Usage At End Of Frame\r\n30  ====================================\r\n31    86.902 Mb	Peak total size(Estimated)\r\n32    12.996 Mb	Peak arena size\r\n33  ====================================\r\n34    24.414 Mb	Heap\r\n35     0.007 Mb	Render Geometry Arena\r\n36     5.469 Mb	MEL\r\n37     7.008 Mb	Render Cache\r\n38     0.332 Mb	Data Blocks\r\n39     0.125 Mb	Transforms\r\n40     0.062 Mb	Arrays\r\n41     0.002 Mb	arguments\r\n42  ====================================\r\n43  Postprocessing rendering result.\r\n44  Time For Tessellation (hh:mm:ss): 00:00:00\r\n45  Time For Shadow Map   (hh:mm:ss): 00:00:00\r\n46  Time For Post Process (hh:mm:ss): 00:00:00\r\n47  Time For Frame Render (hh:mm:ss): 00:00:00\r\n48  Finished Rendering /mnt/rnd/mayaProject/images/test.7.iff.\r\n49  \r\n50  ------------------------------------------------------------\r\n51  \r\n52  \r\n53  Automatic near/far clipping values: 1.77923, 3.68612.\r\n54  Starting Rendering /mnt/rnd/mayaProject/images/test.8.iff.\r\n55  Constructing shading groups\r\n56  \r\n57  Rendering current frame.\r\n58  \r\n59  Frame triangle count: 12\r\n60  ====================================\r\n61  Resource Usage At End Of Frame\r\n62  ====================================\r\n63   100.191 Mb	Peak total size(Estimated)\r\n64    16.500 Mb	Peak arena size\r\n65  ====================================\r\n66    34.415 Mb	Heap\r\n67     5.469 Mb	MEL\r\n68     7.008 Mb	Render Cache\r\n69     0.332 Mb	Data Blocks\r\n70     0.125 Mb	Transforms\r\n71     0.062 Mb	Arrays\r\n72     0.007 Mb	Render Geometry Arena\r\n73     0.002 Mb	arguments\r\n74  ====================================\r\n75  Postprocessing rendering result.\r\n76  Time For Tessellation (hh:mm:ss): 00:00:00\r\n77  Time For Shadow Map   (hh:mm:ss): 00:00:00\r\n78  Time For Post Process (hh:mm:ss): 00:00:00\r\n79  Time For Frame Render (hh:mm:ss): 00:00:00\r\n80  Finished Rendering /mnt/rnd/mayaProject/images/test.8.iff.\r\n81  \r\n82  ------------------------------------------------------------\r\n83  \r\n84  \r\n85  ====================================\r\n86  Resource Usage At End Of Rendering\r\n87  ====================================\r\n88   100.191 Mb	Peak total size(Estimated)\r\n89    12.996 Mb	Peak arena size\r\n90  ====================================\r\n91    24.357 Mb	Heap\r\n92     5.469 Mb	MEL\r\n93     7.008 Mb	Render Cache\r\n94     0.332 Mb	Data Blocks\r\n95     0.125 Mb	Transforms\r\n96     0.062 Mb	Arrays\r\n97     0.002 Mb	arguments\r\n98  ====================================\r\n99  Total Time For Render (hh:mm:ss): 00:00:00\r\n100  Total Elapsed Time For Maya (hh:mm:ss): 00:00:04\r\n101  Scene /mnt/rnd/mayaProject/scenes/test.mb completed.\r\n***GOODBYE***\r\n','2009-07-02 17:14:19'),(5281,124,91,4,'Finish','2009-07-02 17:14:19');
UNLOCK TABLES;
/*!40000 ALTER TABLE `executelog` ENABLE KEYS */;

--
-- Table structure for table `node`
--

DROP TABLE IF EXISTS `node`;
CREATE TABLE `node` (
  `NodeID` int(11) unsigned NOT NULL auto_increment,
  `StatusID` int(11) unsigned default NULL,
  `NodeIP` varchar(20) collate utf8_bin NOT NULL,
  `NodeName` varchar(50) collate utf8_bin default NULL,
  `OS` varchar(20) collate utf8_bin default NULL,
  `FileBase` varchar(20) collate utf8_bin default NULL,
  `CoreNum` tinyint(4) default NULL,
  `RealTime` tinyint(1) NOT NULL,
  PRIMARY KEY  (`NodeID`),
  UNIQUE KEY `NodeID` (`NodeID`),
  UNIQUE KEY `NodeIP` (`NodeIP`),
  KEY `StatusID` (`StatusID`),
  CONSTRAINT `node_fk` FOREIGN KEY (`StatusID`) REFERENCES `status` (`StatusID`) ON DELETE CASCADE ON UPDATE CASCADE
) ENGINE=InnoDB DEFAULT CHARSET=utf8 COLLATE=utf8_bin;

--
-- Dumping data for table `node`
--


/*!40000 ALTER TABLE `node` DISABLE KEYS */;
LOCK TABLES `node` WRITE;
INSERT INTO `node` VALUES (1,NULL,'172.16.20.93','','Win',NULL,1,0),(2,NULL,'192.168.10.129','ASPPCDT027','Win',NULL,1,0),(3,NULL,'172.16.20.33',NULL,'Linux',NULL,1,0),(4,NULL,'192.168.10.108','ASPLNX049',NULL,NULL,NULL,0),(5,NULL,'192.168.10.118','jmaxp',NULL,NULL,NULL,0),(6,NULL,'172.16.20.127',NULL,NULL,NULL,NULL,0),(7,NULL,'192.168.20.133','ASPLNX049',NULL,NULL,NULL,0),(8,NULL,'192.168.20.227','jmaxp',NULL,NULL,NULL,0),(9,NULL,'192.168.20.127','ASPPCDT027',NULL,NULL,NULL,0);
UNLOCK TABLES;
/*!40000 ALTER TABLE `node` ENABLE KEYS */;

--
-- Table structure for table `nodegroup`
--

DROP TABLE IF EXISTS `nodegroup`;
CREATE TABLE `nodegroup` (
  `NodeGroupID` int(11) unsigned NOT NULL auto_increment,
  `StatusID` int(11) unsigned default NULL,
  `NodeGroupName` varchar(50) collate utf8_bin NOT NULL,
  PRIMARY KEY  (`NodeGroupID`),
  UNIQUE KEY `NodeGroupID` (`NodeGroupID`),
  UNIQUE KEY `NodeGroupName` (`NodeGroupName`),
  KEY `StatusID` (`StatusID`),
  CONSTRAINT `nodegroup_fk1` FOREIGN KEY (`StatusID`) REFERENCES `status` (`StatusID`) ON DELETE SET NULL ON UPDATE CASCADE
) ENGINE=InnoDB DEFAULT CHARSET=utf8 COLLATE=utf8_bin;

--
-- Dumping data for table `nodegroup`
--


/*!40000 ALTER TABLE `nodegroup` DISABLE KEYS */;
LOCK TABLES `nodegroup` WRITE;
INSERT INTO `nodegroup` VALUES (1,NULL,'Group1'),(2,NULL,'Group2');
UNLOCK TABLES;
/*!40000 ALTER TABLE `nodegroup` ENABLE KEYS */;

--
-- Table structure for table `nodegroupnode`
--

DROP TABLE IF EXISTS `nodegroupnode`;
CREATE TABLE `nodegroupnode` (
  `NodeGroupNodeID` int(11) unsigned NOT NULL auto_increment,
  `NodeGroupID` int(11) unsigned NOT NULL,
  `NodeID` int(11) unsigned NOT NULL,
  PRIMARY KEY  (`NodeGroupNodeID`),
  UNIQUE KEY `NodeGroupNodeID` (`NodeGroupNodeID`),
  KEY `NodeGroupID` (`NodeGroupID`),
  KEY `NodeID` (`NodeID`),
  CONSTRAINT `nodegroupnode_fk` FOREIGN KEY (`NodeGroupID`) REFERENCES `nodegroup` (`NodeGroupID`) ON DELETE CASCADE ON UPDATE CASCADE,
  CONSTRAINT `nodegroupnode_fk1` FOREIGN KEY (`NodeID`) REFERENCES `node` (`NodeID`) ON DELETE CASCADE ON UPDATE CASCADE
) ENGINE=InnoDB DEFAULT CHARSET=utf8 COLLATE=utf8_bin;

--
-- Dumping data for table `nodegroupnode`
--


/*!40000 ALTER TABLE `nodegroupnode` DISABLE KEYS */;
LOCK TABLES `nodegroupnode` WRITE;
INSERT INTO `nodegroupnode` VALUES (4,2,3),(5,2,1),(7,1,1),(8,1,3),(10,2,6);
UNLOCK TABLES;
/*!40000 ALTER TABLE `nodegroupnode` ENABLE KEYS */;

--
-- Table structure for table `operatelog`
--

DROP TABLE IF EXISTS `operatelog`;
CREATE TABLE `operatelog` (
  `OperateLogID` int(11) unsigned NOT NULL auto_increment,
  `RegUserID` int(11) unsigned NOT NULL,
  `OperateInformation` text collate utf8_bin,
  `Type` tinyint(4) unsigned NOT NULL,
  `Table` varchar(20) collate utf8_bin default NULL,
  `TableID` int(11) unsigned default NULL,
  PRIMARY KEY  (`OperateLogID`),
  UNIQUE KEY `OperateLogID` (`OperateLogID`),
  KEY `RegUserID` (`RegUserID`),
  CONSTRAINT `operatelog_fk` FOREIGN KEY (`RegUserID`) REFERENCES `reguser` (`RegUserID`) ON DELETE CASCADE ON UPDATE CASCADE
) ENGINE=InnoDB DEFAULT CHARSET=utf8 COLLATE=utf8_bin;

--
-- Dumping data for table `operatelog`
--


/*!40000 ALTER TABLE `operatelog` DISABLE KEYS */;
LOCK TABLES `operatelog` WRITE;
UNLOCK TABLES;
/*!40000 ALTER TABLE `operatelog` ENABLE KEYS */;

--
-- Table structure for table `quest`
--

DROP TABLE IF EXISTS `quest`;
CREATE TABLE `quest` (
  `QuestID` int(11) unsigned NOT NULL auto_increment,
  `StatusID` int(11) unsigned default NULL,
  `CommandModelID` int(11) unsigned NOT NULL,
  `RegUserID` int(11) unsigned NOT NULL,
  `QuestName` varchar(50) collate utf8_bin NOT NULL,
  `Information` varchar(50) collate utf8_bin default NULL,
  `PRI` tinyint(4) unsigned NOT NULL,
  `CommitTime` datetime NOT NULL,
  `MaxNodes` int(11) unsigned default NULL,
  `PacketSize` tinyint(4) default NULL,
  PRIMARY KEY  (`QuestID`),
  UNIQUE KEY `QuestID` (`QuestID`),
  KEY `CommandModelID` (`CommandModelID`),
  KEY `StatusID` (`StatusID`),
  KEY `RegUserID` (`RegUserID`),
  CONSTRAINT `quest_fk` FOREIGN KEY (`StatusID`) REFERENCES `status` (`StatusID`) ON DELETE SET NULL ON UPDATE CASCADE,
  CONSTRAINT `quest_fk1` FOREIGN KEY (`CommandModelID`) REFERENCES `commandmodel` (`CommandModelID`) ON DELETE CASCADE ON UPDATE CASCADE,
  CONSTRAINT `quest_fk2` FOREIGN KEY (`RegUserID`) REFERENCES `reguser` (`RegUserID`) ON DELETE CASCADE ON UPDATE CASCADE
) ENGINE=InnoDB DEFAULT CHARSET=utf8 COLLATE=utf8_bin;

--
-- Dumping data for table `quest`
--


/*!40000 ALTER TABLE `quest` DISABLE KEYS */;
LOCK TABLES `quest` WRITE;
INSERT INTO `quest` VALUES (25,50,1,1,'test1',NULL,1,'2009-06-19 09:51:58',10,2),(26,50,1,1,'test2',NULL,1,'2009-06-19 11:02:14',10,2),(27,51,1,1,'test3',NULL,1,'2009-06-19 11:02:22',10,2),(28,50,1,1,'test4',NULL,1,'2009-06-19 11:02:28',10,2),(29,50,1,1,'test',NULL,1,'2009-06-19 15:57:08',10,2),(30,50,1,1,'test',NULL,1,'2009-06-30 13:51:14',10,2),(31,50,1,1,'test',NULL,1,'2009-07-01 11:02:04',10,2),(32,50,1,1,'test',NULL,1,'2009-07-01 11:03:16',10,2),(33,50,1,1,'test',NULL,1,'2009-07-01 15:26:25',10,2),(34,50,1,1,'test',NULL,1,'2009-07-02 15:35:45',10,2),(35,50,1,1,'test35',NULL,1,'2009-07-06 13:54:27',10,2);
UNLOCK TABLES;
/*!40000 ALTER TABLE `quest` ENABLE KEYS */;

--
-- Table structure for table `questarg`
--

DROP TABLE IF EXISTS `questarg`;
CREATE TABLE `questarg` (
  `QuestArgID` int(11) unsigned NOT NULL auto_increment,
  `QuestID` int(11) unsigned NOT NULL,
  `CommandModelArgID` int(11) unsigned NOT NULL,
  `Value` text collate utf8_bin,
  PRIMARY KEY  (`QuestArgID`),
  UNIQUE KEY `QuestArgID` (`QuestArgID`),
  KEY `QuestID` (`QuestID`),
  KEY `questarg_fk1` (`CommandModelArgID`),
  CONSTRAINT `questarg_fk` FOREIGN KEY (`QuestID`) REFERENCES `quest` (`QuestID`) ON DELETE CASCADE ON UPDATE CASCADE,
  CONSTRAINT `questarg_fk1` FOREIGN KEY (`CommandModelArgID`) REFERENCES `commandmodelarg` (`CommandModelArgID`) ON DELETE CASCADE ON UPDATE CASCADE
) ENGINE=InnoDB DEFAULT CHARSET=utf8 COLLATE=utf8_bin;

--
-- Dumping data for table `questarg`
--


/*!40000 ALTER TABLE `questarg` DISABLE KEYS */;
LOCK TABLES `questarg` WRITE;
INSERT INTO `questarg` VALUES (145,25,3,'10'),(146,25,2,'1'),(147,25,5,'file'),(148,25,4,'1'),(149,25,7,'/mnt/rnd/mayaProject/scenes/test.mb'),(150,25,6,'/mnt/rnd/mayaProject'),(151,26,3,'10'),(152,26,2,'1'),(153,26,5,'file'),(154,26,4,'1'),(155,26,7,'/mnt/rnd/mayaProject/scenes/test.mb'),(156,26,6,'/mnt/rnd/mayaProject'),(157,27,3,'10'),(158,27,2,'1'),(159,27,5,'file'),(160,27,4,'1'),(161,27,7,'/mnt/rnd/mayaProject/scenes/test.mb'),(162,27,6,'/mnt/rnd/mayaProject'),(163,28,3,'10'),(164,28,2,'1'),(165,28,5,'file'),(166,28,4,'1'),(167,28,7,'/mnt/rnd/mayaProject/scenes/test.mb'),(168,28,6,'/mnt/rnd/mayaProject'),(169,29,3,'10'),(170,29,2,'1'),(171,29,5,'file'),(172,29,4,'1'),(173,29,7,'/mnt/rnd/mayaProject/scenes/test.mb'),(174,29,6,'/mnt/rnd/mayaProject'),(175,30,3,'10'),(176,30,2,'1'),(177,30,5,'file'),(178,30,4,'1'),(179,30,7,'/mnt/rnd/mayaProject/scenes/test.mb'),(180,30,6,'/mnt/rnd/mayaProject'),(181,31,3,'10'),(182,31,2,'1'),(183,31,5,'file'),(184,31,4,'1'),(185,31,7,'/mnt/rnd/mayaProject/scenes/test.mb'),(186,31,6,'/mnt/rnd/mayaProject'),(187,32,3,'10'),(188,32,2,'1'),(189,32,5,'file'),(190,32,4,'1'),(191,32,7,'/mnt/rnd/mayaProject/scenes/test.mb'),(192,32,6,'/mnt/rnd/mayaProject'),(193,33,3,'10'),(194,33,2,'1'),(195,33,5,'file'),(196,33,4,'1'),(197,33,7,'/mnt/rnd/mayaProject/scenes/test.mb'),(198,33,6,'/mnt/rnd/mayaProject'),(199,34,3,'10'),(200,34,2,'1'),(201,34,5,'file'),(202,34,4,'1'),(203,34,7,'/mnt/rnd/mayaProject/scenes/test.mb'),(204,34,6,'/mnt/rnd/mayaProject'),(205,35,3,'10'),(206,35,2,'1'),(207,35,5,'file'),(208,35,4,'1'),(209,35,7,'/mnt/rnd/mayaProject/scenes/test.mb'),(210,35,6,'/mnt/rnd/mayaProject');
UNLOCK TABLES;
/*!40000 ALTER TABLE `questarg` ENABLE KEYS */;

--
-- Table structure for table `reguser`
--

DROP TABLE IF EXISTS `reguser`;
CREATE TABLE `reguser` (
  `RegUserID` int(11) unsigned NOT NULL auto_increment,
  `RoleID` int(11) unsigned default NULL,
  `StatusID` int(11) unsigned default NULL,
  `RegName` varchar(50) collate utf8_bin NOT NULL,
  `PassWord` varchar(50) collate utf8_bin NOT NULL,
  PRIMARY KEY  (`RegUserID`),
  UNIQUE KEY `RegUserID` (`RegUserID`),
  UNIQUE KEY `RegName` (`RegName`),
  KEY `StatusID` (`StatusID`),
  KEY `RoleID` (`RoleID`),
  CONSTRAINT `reguser_fk` FOREIGN KEY (`StatusID`) REFERENCES `status` (`StatusID`) ON DELETE SET NULL ON UPDATE CASCADE,
  CONSTRAINT `reguser_fk2` FOREIGN KEY (`RoleID`) REFERENCES `role` (`RoleID`) ON DELETE SET NULL ON UPDATE CASCADE
) ENGINE=InnoDB DEFAULT CHARSET=utf8 COLLATE=utf8_bin;

--
-- Dumping data for table `reguser`
--


/*!40000 ALTER TABLE `reguser` DISABLE KEYS */;
LOCK TABLES `reguser` WRITE;
INSERT INTO `reguser` VALUES (1,1,NULL,'admin','111111'),(2,2,NULL,'jma',''),(3,1,NULL,'waen','111111');
UNLOCK TABLES;
/*!40000 ALTER TABLE `reguser` ENABLE KEYS */;

--
-- Table structure for table `right`
--

DROP TABLE IF EXISTS `right`;
CREATE TABLE `right` (
  `RightID` int(11) unsigned NOT NULL auto_increment,
  `Instruction` varchar(255) collate utf8_bin NOT NULL,
  PRIMARY KEY  (`RightID`),
  UNIQUE KEY `RightID` (`RightID`)
) ENGINE=InnoDB DEFAULT CHARSET=utf8 COLLATE=utf8_bin;

--
-- Dumping data for table `right`
--


/*!40000 ALTER TABLE `right` DISABLE KEYS */;
LOCK TABLES `right` WRITE;
INSERT INTO `right` VALUES (1,'can submit jobs to the dispatcher engine'),(2,'can manage jobs belongs to him'),(3,'can manage jobs belongs to others'),(4,'can arrange jobs changing their priority'),(5,'can manager hosts in the hosts list'),(6,'can modify the status of the engine'),(7,'can login over Python connections');
UNLOCK TABLES;
/*!40000 ALTER TABLE `right` ENABLE KEYS */;

--
-- Table structure for table `role`
--

DROP TABLE IF EXISTS `role`;
CREATE TABLE `role` (
  `RoleID` int(11) unsigned NOT NULL auto_increment,
  `StatusID` int(11) unsigned default NULL,
  `RoleName` varchar(51) collate utf8_bin NOT NULL,
  `HighestPri` tinyint(4) unsigned default NULL,
  PRIMARY KEY  (`RoleID`),
  UNIQUE KEY `RoleID` (`RoleID`),
  UNIQUE KEY `RoleName` (`RoleName`),
  KEY `StatusID` (`StatusID`),
  CONSTRAINT `role_fk` FOREIGN KEY (`StatusID`) REFERENCES `status` (`StatusID`) ON DELETE SET NULL ON UPDATE CASCADE
) ENGINE=InnoDB DEFAULT CHARSET=utf8 COLLATE=utf8_bin;

--
-- Dumping data for table `role`
--


/*!40000 ALTER TABLE `role` DISABLE KEYS */;
LOCK TABLES `role` WRITE;
INSERT INTO `role` VALUES (1,NULL,'user',5),(2,NULL,'admin',6);
UNLOCK TABLES;
/*!40000 ALTER TABLE `role` ENABLE KEYS */;

--
-- Table structure for table `rolenodetime`
--

DROP TABLE IF EXISTS `rolenodetime`;
CREATE TABLE `rolenodetime` (
  `RoleNodeTimeID` int(11) unsigned NOT NULL auto_increment,
  `NodeGroupID` int(11) unsigned NOT NULL,
  `TimeGroupID` int(11) unsigned NOT NULL,
  `RoleID` int(11) unsigned NOT NULL,
  PRIMARY KEY  (`RoleNodeTimeID`),
  UNIQUE KEY `RoleNodeTimeID` (`RoleNodeTimeID`),
  KEY `RoleID` (`RoleID`),
  KEY `NodeGroupID` (`NodeGroupID`),
  KEY `TimeGroupID` (`TimeGroupID`),
  CONSTRAINT `rolenodetime_fk` FOREIGN KEY (`RoleID`) REFERENCES `role` (`RoleID`) ON DELETE CASCADE ON UPDATE CASCADE,
  CONSTRAINT `rolenodetime_fk1` FOREIGN KEY (`TimeGroupID`) REFERENCES `timegroup` (`TimeGroupID`) ON DELETE CASCADE ON UPDATE CASCADE,
  CONSTRAINT `rolenodetime_fk2` FOREIGN KEY (`NodeGroupID`) REFERENCES `nodegroup` (`NodeGroupID`) ON DELETE CASCADE ON UPDATE CASCADE
) ENGINE=InnoDB DEFAULT CHARSET=utf8 COLLATE=utf8_bin;

--
-- Dumping data for table `rolenodetime`
--


/*!40000 ALTER TABLE `rolenodetime` DISABLE KEYS */;
LOCK TABLES `rolenodetime` WRITE;
UNLOCK TABLES;
/*!40000 ALTER TABLE `rolenodetime` ENABLE KEYS */;

--
-- Table structure for table `roleright`
--

DROP TABLE IF EXISTS `roleright`;
CREATE TABLE `roleright` (
  `RoleRightID` int(11) unsigned NOT NULL auto_increment,
  `RoleID` int(11) unsigned NOT NULL,
  `RightID` int(11) unsigned NOT NULL,
  PRIMARY KEY  (`RoleRightID`),
  UNIQUE KEY `RoleRightID` (`RoleRightID`),
  KEY `RoleID` (`RoleID`),
  KEY `RightID` (`RightID`),
  CONSTRAINT `roleright_fk` FOREIGN KEY (`RoleID`) REFERENCES `role` (`RoleID`) ON DELETE CASCADE ON UPDATE CASCADE,
  CONSTRAINT `roleright_fk1` FOREIGN KEY (`RightID`) REFERENCES `right` (`RightID`) ON DELETE CASCADE ON UPDATE CASCADE
) ENGINE=InnoDB DEFAULT CHARSET=utf8 COLLATE=utf8_bin;

--
-- Dumping data for table `roleright`
--


/*!40000 ALTER TABLE `roleright` DISABLE KEYS */;
LOCK TABLES `roleright` WRITE;
INSERT INTO `roleright` VALUES (61,1,5),(62,1,4),(64,1,6),(65,1,1),(69,1,7),(71,1,3),(80,1,2),(82,2,6),(83,2,1),(84,2,7),(85,2,2),(88,2,3),(92,2,4),(100,2,5);
UNLOCK TABLES;
/*!40000 ALTER TABLE `roleright` ENABLE KEYS */;

--
-- Table structure for table `status`
--

DROP TABLE IF EXISTS `status`;
CREATE TABLE `status` (
  `StatusID` int(11) unsigned NOT NULL auto_increment,
  `Type` varchar(20) collate utf8_bin NOT NULL,
  `Value` varchar(50) collate utf8_bin NOT NULL,
  PRIMARY KEY  (`StatusID`),
  UNIQUE KEY `StatusID` (`StatusID`)
) ENGINE=InnoDB DEFAULT CHARSET=utf8 COLLATE=utf8_bin;

--
-- Dumping data for table `status`
--


/*!40000 ALTER TABLE `status` DISABLE KEYS */;
LOCK TABLES `status` WRITE;
INSERT INTO `status` VALUES (41,'Node','Idle'),(50,'Quest','Input'),(51,'Quest','Pause'),(60,'Commandmodelarg','Normal'),(61,'Commandmodelarg','StartFrame'),(62,'Commandmodelarg','EndFrame'),(63,'Commandmodelarg','ByFrame'),(64,'Commandmodelarg','File'),(70,'Command','Input'),(71,'Command','InProgress'),(72,'Command','Finish'),(80,'Reallog','Normal'),(81,'Reallog','Error'),(90,'Executelog','Add'),(91,'Executelog','Finish'),(92,'Executelog','Delete'),(99,'Executelog','Error');
UNLOCK TABLES;
/*!40000 ALTER TABLE `status` ENABLE KEYS */;

--
-- Table structure for table `timegroup`
--

DROP TABLE IF EXISTS `timegroup`;
CREATE TABLE `timegroup` (
  `TimeGroupID` int(11) unsigned NOT NULL auto_increment,
  `TimeGroupName` varchar(50) collate utf8_bin NOT NULL,
  `TimeValue` char(42) collate utf8_bin NOT NULL,
  `StatusID` int(11) unsigned default NULL,
  PRIMARY KEY  (`TimeGroupID`),
  UNIQUE KEY `TimeGroupID` (`TimeGroupID`),
  UNIQUE KEY `TimeGroupName` (`TimeGroupName`),
  KEY `StatusID` (`StatusID`),
  CONSTRAINT `timegroup_fk` FOREIGN KEY (`StatusID`) REFERENCES `status` (`StatusID`) ON DELETE SET NULL ON UPDATE CASCADE
) ENGINE=InnoDB DEFAULT CHARSET=utf8 COLLATE=utf8_bin;

--
-- Dumping data for table `timegroup`
--


/*!40000 ALTER TABLE `timegroup` DISABLE KEYS */;
LOCK TABLES `timegroup` WRITE;
UNLOCK TABLES;
/*!40000 ALTER TABLE `timegroup` ENABLE KEYS */;
/*!40103 SET TIME_ZONE=@OLD_TIME_ZONE */;

/*!40101 SET SQL_MODE=@OLD_SQL_MODE */;
/*!40014 SET FOREIGN_KEY_CHECKS=@OLD_FOREIGN_KEY_CHECKS */;
/*!40014 SET UNIQUE_CHECKS=@OLD_UNIQUE_CHECKS */;
/*!40101 SET CHARACTER_SET_CLIENT=@OLD_CHARACTER_SET_CLIENT */;
/*!40101 SET CHARACTER_SET_RESULTS=@OLD_CHARACTER_SET_RESULTS */;
/*!40101 SET COLLATION_CONNECTION=@OLD_COLLATION_CONNECTION */;
/*!40111 SET SQL_NOTES=@OLD_SQL_NOTES */;

